{"info":{"_postman_id":"4730b42d-4cc2-4be6-b6a0-c39dd401e484","name":"(REPORT) her3-print-progress-tou","schema":"https://schema.getpostman.com/json/collection/v2.1.0/collection.json"},"item":[{"name":"her3-print-progress-tou-DEFAULT","event":[{"listen":"prerequest","script":{"id":"b09045de-ea76-4d62-8d93-a3c61ab84590","exec":["[","  {","    \"compositionPath\": \"/opower/her3-composition\",","    \"channel\": \"email\",","    \"layout\": \"report\",","    \"reportName\": \"welcome-with-ears\",","    \"Modules\": [","      {","        \"slotName\": \"header\",","        \"Name\": \"module-her3-email-header-runner\",","        \"Path\": \"/opower/module-her3-header/module-her3-email-header-runner\",","        \"Fixture\": {","          \"locale\": \"en-US\",","          \"size\": {","            \"width\": 0,","            \"height\": 0","          },","          \"additionalMessages\": {","            \"email_header_utilityCompanyLogo\": \"https://github.va.opower.it/raw/dsm/module-her3-header/master/module-her3-email-header-runner/src/test/resources/UTIL_logo_email.png\",","            \"client_name\": \"Utility Company\"","          },","          \"data\": {","            \"customerPerson\": {","              \"maskedAccountNumber\": \"******7890\"","            }","          }","        }","      },","      {","        \"slotName\": \"info\",","        \"Name\": \"module-her3-email-progress-intro-illustration-runner\",","        \"Path\": \"/opower/module-her3-email-progress-intro-illustration/module-her3-email-progress-intro-illustration-runner\",","        \"Fixture\": {","          \"locale\": \"en-US\",","          \"size\": {","            \"width\": 0,","            \"height\": 0","          },","          \"additionalMessages\": {","            \"global_email_illustrationPalette\": \"primary-color=%230067B1&efficient-color=%2300A94F&neighbor-color=%23666666&success-color=%2399cc33&good-color=%23f9e500&great-color=%2399cc33&fair-color=%23f7941d&summer-color=%23f7941d&winter-color=%2300b7ce&smiley-eyes-color=%23000000&icon-default-color=%23666666&illustration-highlight=%23FF0000&illustration-white=%23FFFFFF&illustration-lightest-gray=%23F1F1F1&illustration-light-gray=%23E1E1E1&illustration-medium-gray=%23C1C1C1&illustration-dark-gray=%23666666&illustration-yellow=%23F9E500\"","          },","          \"data\": {","            \"attribute\": \"neighbor-comparison\",","            \"customerPerson\": {","              \"firstName\": \"Gina\"","            },","            \"previousReportSent\": null","          }","        }","      },","      {","        \"slotName\": \"slot-1\",","        \"Name\": \"module-her3-email-welcome-runner\",","        \"Path\": \"/opower/module-her3-welcome/module-her3-email-welcome-runner\",","        \"Fixture\": {","          \"locale\": \"en-US\",","          \"size\": {","            \"width\": 0,","            \"height\": 0","          },","          \"additionalMessages\": {","            \"global_email_illustrationWhite\": \"#FFFFFF\",","            \"global_email_illustrationPalette\": \"illustration-white=global_email_illustrationWhite\"","          },","          \"data\": {","            \"previousHer2ReportSent\": {","              \"generatedOn\": \"2020-03-05T03:00:00.000+03:00\"","            }","          }","        }","      },","      {","        \"slotName\": \"slot-2\",","        \"Name\": \"module-her3-email-progress-energy-use-benchmark-runner\",","        \"Path\": \"/opower/her3-energy-use-benchmark-module/module-her3-email-progress-energy-use-benchmark-runner\",","        \"Fixture\": {","          \"locale\": \"en-US\",","          \"size\": {","            \"width\": 0,","            \"height\": 0","          },","          \"additionalMessages\": {","            \"global_email_illustrationWhite\": \"#FFFFFF\",","            \"global_email_illustrationPalette\": \"illustration-white=global_email_illustrationWhite\"","          },","          \"data\": {","            \"previousHer2ReportSent\": {","              \"generatedOn\": \"2020-03-05T03:00:00.000+03:00\"","            },","            \"premise\": {","              \"meterType\": \"COMBINED\",","              \"neighborComparisons\": [","                {","                  \"comparisonInterval\": \"2020-03-05T03:00:00.000+03:00/2020-04-04T17:32:40.297+03:00\",","                  \"state\": \"better-than-average\"","                }","              ]","            },","            \"previousReportSent\": {","              \"neighborComparison\": {","                \"state\": \"better-than-average\"","              }","            }","          }","        }","      },","      {","        \"slotName\": \"slot-3\",","        \"Path\": \"/opower/module-her3-efficiency-zone/module-her3-email-efficiency-zone-progress-runner\",","        \"Name\": \"module-her3-email-efficiency-zone-progress-runner\",","        \"Fixture\": {","          \"locale\": \"en-US\",","          \"size\": {","            \"width\": 0,","            \"height\": 0","          },","          \"configOverrides\": {","          },","          \"additionalMessages\": {","            \"global_fuel_unit_electric\": \"kWh\",","            \"global_fuel_unit_gas\": \"therms\",","            \"global_fuel_unit_combined\": \"units\",","            \"global_email_successColor\": \"#709f0b\",","            \"global_email_successMedium\": \"#da7a56\",","            \"global_email_illustrationPalette\": \"success-color=global_email_successColor&success-medium=global_email_successMedium\"","          },","          \"data\": {","            \"previousHer2ReportSent\": {","              \"generatedOn\": \"2020-03-05T03:00:00.000+03:00\"","            },","            \"premise\": {","              \"meterType\": \"GAS\",","              \"neighborComparisons\": [","                {","                  \"youUsage\": 461.8,","                  \"averageOfAllNeighborsUsage\": 765.6,","                  \"efficientNeighborsThresholdUsage\": 459.8,","                  \"state\": \"near-but-worse-than-efficient\"","                }","              ]","            }","          }","        }","      },","      {","        \"slotName\": \"slot-4\",","        \"Path\": \"/opower/module-her3-tips/module-her3-email-tip-progress-runner\",","        \"Name\": \"module-her3-email-tip-progress-runner\",","        \"Fixture\": {","          \"locale\": \"en-US\",","          \"size\": {","            \"width\": 0,","            \"height\": 0","          },","          \"additionalMessages\": {","            \"global_email_illustrationPalette\": \"illustration-white=global_email_illustrationWhite\"","          },","          \"data\": {","            \"previousHer2ReportSent\": {","              \"generatedOn\": \"2020-03-05T03:00:00.000+03:00\"","            },","            \"tipData\": {","              \"tips\": [","                {","                  \"name\": \"tip001_buy-energy-star\",","                  \"title\": \"Upgrade to energy-efficient windows\",","                  \"emailBody\": \"You can prevent air leakage by improving the efficiency of your windows. While it may not be cost effective to replace your windows based on energy savings alone, there are lots of other benefits from new windows, including comfort, security, noise reduction, and aesthetics.\",","                  \"savingsText\": \"Save up to ${this.savingsAmount} per year.\",","                  \"savingsAmount\": 20.0,","                  \"imageSmall\": \"asset_files/529082/tip001_buy_energy_star.svg\"","                },","                {","                  \"name\": \"tip002_buy-energy-star\",","                  \"title\": \"Upgrade to energy-efficient windows\",","                  \"emailBody\": \"You can prevent air leakage by improving the efficiency of your windows. While it may not be cost effective to replace your windows based on energy savings alone, there are lots of other benefits from new windows, including comfort, security, noise reduction, and aesthetics.\",","                  \"savingsText\": \"Save up to ${this.savingsAmount} per year.\",","                  \"savingsAmount\": 21.0,","                  \"imageSmall\": \"asset_files/537191/tip002_choose_efficient_refrigerator_sm.svg\"","                },","                {","                  \"name\": \"tip003_buy-energy-star\",","                  \"title\": \"Upgrade to energy-efficient windows\",","                  \"emailBody\": \"You can prevent air leakage by improving the efficiency of your windows. While it may not be cost effective to replace your windows based on energy savings alone, there are lots of other benefits from new windows, including comfort, security, noise reduction, and aesthetics.\",","                  \"savingsText\": \"Save up to $22 per year.\",","                  \"savingsAmount\": 11.0,","                  \"imageSmall\": \"asset_files/529502/tip003_choose_efficient_clothes_dryer.svg\"","                }","              ]","            }","          }","        }","      }","    ]","  }","]"],"type":"text/javascript"}}],"id":"745e6529-70fd-4fd1-b472-8c3b8393eb1f","protocolProfileBehavior":{"disableBodyPruning":true},"request":{"method":"POST","header":[],"body":{"mode":"raw","raw":"{\n    \"modules\": [\n        {\n            \"name\": \"module-her3-print-logo-and-return-address\",\n            \"version\": \"0.0.10\",\n            \"slot\": \"logo-return-address\",\n            \"size\": {\n                \"height\": 72,\n                \"width\": 210\n            },\n            \"configOverrides\": {},\n            \"additionalMessages\": {\n                \"print_logo_and_address_utilityCompanyLogo\": \"{img@[\\\"static.assets.dam\\\"][\\\"asset_files/532850/logo.svg\\\"]}\"\n            },\n            \"data\": {}\n        },\n        {\n            \"name\": \"module-her3-print-johnson-box-header-progress\",\n            \"version\": \"0.0.29\",\n            \"slot\": \"johnson-box\",\n            \"size\": {\n                \"height\": 65,\n                \"width\": 166\n            },\n            \"configOverrides\": {},\n            \"additionalMessages\": {},\n            \"data\": {\n                \"isNewRecipient\": true,\n                \"isLegacyRecipient\": false,\n                \"premise\": {\n                    \"address\": \"150 LONDON BLVD 123, LINCOLN, CA 95648\",\n                    \"neighborComparisons\": [\n                        {\n                            \"comparisonInterval\": \"2020-02-01T08:00:00Z/2020-03-01T08:00:00Z\"\n                        }\n                    ]\n                },\n                \"customerPerson\": {\n                    \"accountNumber\": \"0123456789\",\n                    \"maskedAccountNumber\": \"xxxx6789\",\n                    \"mailingAddress\": {\n                        \"addressLine1\": \"150  Blvd\",\n                        \"addressLine2\": \"123\",\n                        \"addressLine3\": \"\",\n                        \"addressLine4\": \"\",\n                        \"locality\": \"New York\",\n                        \"country\": \"NY\",\n                        \"postalCode\": \"95648\",\n                        \"adminArea\": \"ADMIN AREA\"\n                    }\n                }\n            }\n        },\n        {\n            \"name\": \"module-her3-print-progress-energy-use-benchmark\",\n            \"version\": \"0.1.10\",\n            \"slot\": \"benchmark\",\n            \"size\": {\n                \"height\": 130,\n                \"width\": 166\n            },\n            \"configOverrides\": {},\n            \"additionalMessages\": {},\n            \"data\": {\n                \"previousReportSent\": {\n                    \"neighborComparison\": {\n                        \"state\": \"better-than-average\"\n                    }\n                },\n                \"isNewRecipient\": false,\n                \"isLegacyRecipient\": false,\n                \"premise\": {\n                    \"meterType\": \"COMBINED\",\n                    \"neighborComparisons\": [\n                        {\n                            \"comparisonInterval\": \"2020-03-05T03:00:00.000+03:00/2020-04-04T17:32:40.297+03:00\",\n                            \"state\": \"better-than-average\"\n                        }\n                    ]\n                }\n            }\n        },\n        {\n            \"name\": \"module-her3-print-main-insight-progress\",\n            \"version\": \"0.0.66\",\n            \"slot\": \"main-insight\",\n            \"size\": {\n                \"height\": 297,\n                \"width\": 542\n            },\n            \"configOverrides\": {},\n            \"additionalMessages\": {\n                \"global_fuel_unit_electric\": \"kWh\",\n                \"global_fuel_unit_gas\": \"therms\",\n                \"global_fuel_unit_combined\": \"units\",\n                \"global_print_youColor\": \"cmyk(.65, .4, 0, .05)\",\n                \"global_print_successLight\": \"cmyk(.1, 0, .2, .01)\",\n                \"global_print_successColor\": \"cmyk(.5, 0, 1, .05)\"\n            },\n            \"data\": {\n                \"attribute\": \"efficiency-zone\",\n                \"isNewRecipient\": true,\n                \"isLegacyRecipient\": false,\n                \"premise\": {\n                    \"meterType\": \"COMBINED\",\n                    \"dwellingType\": \"DEFAULT\",\n                    \"neighborComparisons\": [\n                        {\n                            \"comparisonPeriod\": {\n                                \"start\": \"2020-03-05\",\n                                \"end\": \"2020-04-04\"\n                            },\n                            \"youUsage\": 632.0,\n                            \"averageOfAllNeighborsUsage\": 772.3,\n                            \"efficientNeighborsThresholdUsage\": 499.8,\n                            \"state\": \"better-than-average\"\n                        }\n                    ]\n                },\n                \"utilityCompany\": {\n                    \"neighborLanguage\": \"neighbors\"\n                }\n            }\n        },\n        {\n            \"name\": \"module-her3-print-explainer\",\n            \"version\": \"0.0.47\",\n            \"slot\": \"explainer\",\n            \"size\": {\n                \"height\": 128,\n                \"width\": 542\n            },\n            \"configOverrides\": {},\n            \"additionalMessages\": {\n                \"global_fuel_unit_electric\": \"kWh\",\n                \"global_fuel_unit_gas\": \"therms\",\n                \"global_fuel_unit_combined\": \"units\",\n                \"client_astro_url\": \"http://test.opower.com\",\n                \"print_example_aStatefulMessage-elec-neighbors-great_compared_to_neighbors\": \"some overridden message text\",\n                \"print-explainer_uheaBaseUrl\": \"https://util.opower.com/ei/app/whatUsesMost/?ou-uhea-token=3158e2fa-241e-11eb-adc1-0242ac120002&uhea-source=2\"\n            },\n            \"data\": {\n                \"attribute\": \"efficiency-zone\",\n                \"premise\": {\n                    \"dwellingType\": \"SING\",\n                    \"homeEnergyAudit\": {\n                        \"completionDate\": \"2020-02-01T15:00:00Z\",\n                        \"uheaToken\": \"f1aecd86-60fc-434a-994b-ff9f2592243f\"\n                    }\n                },\n                \"previousHer2ReportSent\": {\n                    \"generatedOn\": \"2018-06-25T19:31:13.203Z\"\n                },\n                \"previousReportSent\": {\n                    \"generatedOn\": \"2020-02-07T15:00:00Z\"\n                }\n            }\n        },\n        {\n            \"name\": \"module-her3-print-tou-progress-pageturn\",\n            \"version\": \"0.0.47\",\n            \"slot\": \"pageturn\",\n            \"size\": {\n                \"height\": 13,\n                \"width\": 542\n            },\n            \"configOverrides\": {},\n            \"additionalMessages\": {},\n            \"data\": {\n                \"isNewRecipient\": true,\n                \"isLegacyRecipient\": false,\n                \"premise\": {\n                    \"meterType\": \"COMBINED\"\n                }\n            }\n        },\n        {\n            \"name\": \"module-her3-print-tou-progress-101\",\n            \"version\": \"1.0.5\",\n            \"slot\": \"secondary-insight\",\n            \"size\": {\n                \"height\": 403,\n                \"width\": 307\n            },\n            \"configOverrides\": {},\n            \"additionalMessages\": {\n                \"global_print_warningColor\": \"cmyk(0, .7, .9, 0)\",\n                \"global_print_youMedium\": \"cmyk(.26, .16, 0, .02)\",\n                \"global_print_youColor\": \"cmyk(.65, .4, 0, .05)\",\n                \"global_print_mediumGray\": \"cmyk(0, 0, 0, .4)\"\n            },\n            \"data\": {\n                \"isLegacyRecipient\": false,\n                \"isNewRecipient\": true,\n                \"hasDryer\": \"false\",\n                \"accounts\": [\n                    {\n                        \"touSeasonalSchedule\": {\n                            \"meterType\": \"ELEC\",\n                            \"season\": {\n                                \"seasonType\": \"SUMMER\",\n                                \"startDate\": \"2021-01-04\",\n                                \"endDate\": \"2021-01-10\"\n                            },\n                            \"peakRates\": [\n                                {\n                                    \"peakType\": \"ON_PEAK\",\n                                    \"cost\": 0.11\n                                },\n                                {\n                                    \"peakType\": \"OFF_PEAK\",\n                                    \"cost\": 0.09\n                                },\n                                {\n                                    \"peakType\": \"PART_PEAK\",\n                                    \"cost\": 0.10\n                                }\n                            ],\n                            \"dayTypeSchedule\": {\n                                \"weekday\": [\n                                    {\n                                        \"peakType\": \"OFF_PEAK\",\n                                        \"startTime\": \"00:00:00\",\n                                        \"endTime\": \"07:00:00\"\n                                    },\n                                    {\n                                        \"peakType\": \"ON_PEAK\",\n                                        \"startTime\": \"07:00:00\",\n                                        \"endTime\": \"12:00:00\"\n                                    },\n                                    {\n                                        \"peakType\": \"OFF_PEAK\",\n                                        \"startTime\": \"12:00:00\",\n                                        \"endTime\": \"00:00:00\"\n                                    }\n                                ],\n                                \"weekend\": [\n                                    {\n                                        \"peakType\": \"OFF_PEAK\",\n                                        \"startTime\": \"00:00:00\",\n                                        \"endTime\": \"07:00:00\"\n                                    },\n                                    {\n                                        \"peakType\": \"ON_PEAK\",\n                                        \"startTime\": \"07:00:00\",\n                                        \"endTime\": \"12:00:00\"\n                                    },\n                                    {\n                                        \"peakType\": \"OFF_PEAK\",\n                                        \"startTime\": \"12:00:00\",\n                                        \"endTime\": \"00:00:00\"\n                                    }\n                                ]\n                            },\n                            \"sharedPeakSchedules\": [\n                                \"WEEKEND\",\n                                \"WEEKDAY\"\n                            ]\n                        }\n                    }\n                ]\n            }\n        },\n        {\n            \"name\": \"module-her3-print-marketing-message-flexible\",\n            \"version\": \"0.0.10\",\n            \"slot\": \"flexible\",\n            \"size\": {\n                \"height\": 181,\n                \"width\": 542\n            },\n            \"configOverrides\": {},\n            \"additionalMessages\": {\n                    \"print_marketing_message_flexible_url\": \"{img@[\\\"static.assets.dam\\\"][\\\"asset_files/553926/disagg_explainer_outline.svg\\\"]}\"\n            },\n            \"data\": {}\n        },\n        {\n            \"name\": \"module-her3-print-contact-info\",\n            \"version\": \"0.0.34\",\n            \"slot\": \"footer\",\n            \"size\": {\n                \"height\": 113,\n                \"width\": 542\n            },\n            \"configOverrides\": {},\n            \"additionalMessages\": {\n                \"print_contactInfo_phoneNumber\": \"1-888-555-5555\",\n                \"print_contactInfo_emailAddress\": \"info@pge.com\",\n                \"print_contactInfo_webURL\": \"pge.com/HomeEnergyReport\",\n                \"print_contactInfo_postalCompliantURL\": \"pge.com/energysavingproducts\",\n                \"print_contactInfo_utilityCompanyLogoBack\": \"{img@['static.assets.dam']['assets/clients/pge/logo-back.svg']}\"\n            },\n            \"data\": {}\n        }\n    ],\n    \"layout\": {\n        \"name\": \"progress/variant-back-split\",\n        \"requiredMessages\": {}\n    },\n    \"locale\": \"en-US\"\n}","options":{"raw":{"language":"json"}}},"url":{"raw":"http://localhost:8080/v1/render-compose/print","protocol":"http","host":["localhost"],"port":"8080","path":["v1","render-compose","print"]}},"response":[]}]}