{"info":{"_postman_id":"6bab8911-ab67-442e-8586-a4fafe209fef","name":"EMAIL ANNUAL (FULL)","schema":"https://schema.getpostman.com/json/collection/v2.1.0/collection.json"},"item":[{"name":"elec-ez-fair","event":[{"listen":"prerequest","script":{"id":"ca28da89-1588-420f-818a-321650551996","exec":["[","  {","    \"compositionPath\": \"/opower/her3-composition\",","    \"channel\": \"email\",","    \"layout\": \"report\",","    \"reportName\": \"welcome-with-ears\",","    \"Modules\": [","      {","        \"slotName\": \"header\",","        \"Name\": \"module-her3-email-header-runner\",","        \"Path\": \"/opower/module-her3-header/module-her3-email-header-runner\",","        \"Fixture\": {","          \"locale\": \"en-US\",","          \"size\": {","            \"width\": 0,","            \"height\": 0","          },","          \"additionalMessages\": {","            \"email_header_utilityCompanyLogo\": \"https://github.va.opower.it/raw/dsm/module-her3-header/master/module-her3-email-header-runner/src/test/resources/UTIL_logo_email.png\",","            \"client_name\": \"Utility Company\"","          },","          \"data\": {","            \"customerPerson\": {","              \"maskedAccountNumber\": \"******7890\"","            }","          }","        }","      },","      {","        \"slotName\": \"info\",","        \"Name\": \"module-her3-email-progress-intro-illustration-runner\",","        \"Path\": \"/opower/module-her3-email-progress-intro-illustration/module-her3-email-progress-intro-illustration-runner\",","        \"Fixture\": {","          \"locale\": \"en-US\",","          \"size\": {","            \"width\": 0,","            \"height\": 0","          },","          \"additionalMessages\": {","            \"global_email_illustrationPalette\": \"primary-color=%230067B1&efficient-color=%2300A94F&neighbor-color=%23666666&success-color=%2399cc33&good-color=%23f9e500&great-color=%2399cc33&fair-color=%23f7941d&summer-color=%23f7941d&winter-color=%2300b7ce&smiley-eyes-color=%23000000&icon-default-color=%23666666&illustration-highlight=%23FF0000&illustration-white=%23FFFFFF&illustration-lightest-gray=%23F1F1F1&illustration-light-gray=%23E1E1E1&illustration-medium-gray=%23C1C1C1&illustration-dark-gray=%23666666&illustration-yellow=%23F9E500\"","          },","          \"data\": {","            \"attribute\": \"neighbor-comparison\",","            \"customerPerson\": {","              \"firstName\": \"Gina\"","            },","            \"previousReportSent\": null","          }","        }","      },","      {","        \"slotName\": \"slot-1\",","        \"Name\": \"module-her3-email-welcome-runner\",","        \"Path\": \"/opower/module-her3-welcome/module-her3-email-welcome-runner\",","        \"Fixture\": {","          \"locale\": \"en-US\",","          \"size\": {","            \"width\": 0,","            \"height\": 0","          },","          \"additionalMessages\": {","            \"global_email_illustrationWhite\": \"#FFFFFF\",","            \"global_email_illustrationPalette\": \"illustration-white=global_email_illustrationWhite\"","          },","          \"data\": {","            \"previousHer2ReportSent\": {","              \"generatedOn\": \"2020-03-05T03:00:00.000+03:00\"","            }","          }","        }","      },","      {","        \"slotName\": \"slot-2\",","        \"Name\": \"module-her3-email-progress-energy-use-benchmark-runner\",","        \"Path\": \"/opower/her3-energy-use-benchmark-module/module-her3-email-progress-energy-use-benchmark-runner\",","        \"Fixture\": {","          \"locale\": \"en-US\",","          \"size\": {","            \"width\": 0,","            \"height\": 0","          },","          \"additionalMessages\": {","            \"global_email_illustrationWhite\": \"#FFFFFF\",","            \"global_email_illustrationPalette\": \"illustration-white=global_email_illustrationWhite\"","          },","          \"data\": {","            \"previousHer2ReportSent\": {","              \"generatedOn\": \"2020-03-05T03:00:00.000+03:00\"","            },","            \"premise\": {","              \"meterType\": \"COMBINED\",","              \"neighborComparisons\": [","                {","                  \"comparisonInterval\": \"2020-03-05T03:00:00.000+03:00/2020-04-04T17:32:40.297+03:00\",","                  \"state\": \"better-than-average\"","                }","              ]","            },","            \"previousReportSent\": {","              \"neighborComparison\": {","                \"state\": \"better-than-average\"","              }","            }","          }","        }","      },","      {","        \"slotName\": \"slot-3\",","        \"Path\": \"/opower/module-her3-efficiency-zone/module-her3-email-efficiency-zone-progress-runner\",","        \"Name\": \"module-her3-email-efficiency-zone-progress-runner\",","        \"Fixture\": {","          \"locale\": \"en-US\",","          \"size\": {","            \"width\": 0,","            \"height\": 0","          },","          \"configOverrides\": {","          },","          \"additionalMessages\": {","            \"global_fuel_unit_electric\": \"kWh\",","            \"global_fuel_unit_gas\": \"therms\",","            \"global_fuel_unit_combined\": \"units\",","            \"global_email_successColor\": \"#709f0b\",","            \"global_email_successMedium\": \"#da7a56\",","            \"global_email_illustrationPalette\": \"success-color=global_email_successColor&success-medium=global_email_successMedium\"","          },","          \"data\": {","            \"previousHer2ReportSent\": {","              \"generatedOn\": \"2020-03-05T03:00:00.000+03:00\"","            },","            \"premise\": {","              \"meterType\": \"GAS\",","              \"neighborComparisons\": [","                {","                  \"youUsage\": 461.8,","                  \"averageOfAllNeighborsUsage\": 765.6,","                  \"efficientNeighborsThresholdUsage\": 459.8,","                  \"state\": \"near-but-worse-than-efficient\"","                }","              ]","            }","          }","        }","      },","      {","        \"slotName\": \"slot-4\",","        \"Path\": \"/opower/module-her3-tips/module-her3-email-tip-progress-runner\",","        \"Name\": \"module-her3-email-tip-progress-runner\",","        \"Fixture\": {","          \"locale\": \"en-US\",","          \"size\": {","            \"width\": 0,","            \"height\": 0","          },","          \"additionalMessages\": {","            \"global_email_illustrationPalette\": \"illustration-white=global_email_illustrationWhite\"","          },","          \"data\": {","            \"previousHer2ReportSent\": {","              \"generatedOn\": \"2020-03-05T03:00:00.000+03:00\"","            },","            \"tipData\": {","              \"tips\": [","                {","                  \"name\": \"tip001_buy-energy-star\",","                  \"title\": \"Upgrade to energy-efficient windows\",","                  \"emailBody\": \"You can prevent air leakage by improving the efficiency of your windows. While it may not be cost effective to replace your windows based on energy savings alone, there are lots of other benefits from new windows, including comfort, security, noise reduction, and aesthetics.\",","                  \"savingsText\": \"Save up to ${this.savingsAmount} per year.\",","                  \"savingsAmount\": 20.0,","                  \"imageSmall\": \"asset_files/529082/tip001_buy_energy_star.svg\"","                },","                {","                  \"name\": \"tip002_buy-energy-star\",","                  \"title\": \"Upgrade to energy-efficient windows\",","                  \"emailBody\": \"You can prevent air leakage by improving the efficiency of your windows. While it may not be cost effective to replace your windows based on energy savings alone, there are lots of other benefits from new windows, including comfort, security, noise reduction, and aesthetics.\",","                  \"savingsText\": \"Save up to ${this.savingsAmount} per year.\",","                  \"savingsAmount\": 21.0,","                  \"imageSmall\": \"asset_files/537191/tip002_choose_efficient_refrigerator_sm.svg\"","                },","                {","                  \"name\": \"tip003_buy-energy-star\",","                  \"title\": \"Upgrade to energy-efficient windows\",","                  \"emailBody\": \"You can prevent air leakage by improving the efficiency of your windows. While it may not be cost effective to replace your windows based on energy savings alone, there are lots of other benefits from new windows, including comfort, security, noise reduction, and aesthetics.\",","                  \"savingsText\": \"Save up to $22 per year.\",","                  \"savingsAmount\": 11.0,","                  \"imageSmall\": \"asset_files/529502/tip003_choose_efficient_clothes_dryer.svg\"","                }","              ]","            }","          }","        }","      }","    ]","  }","]"],"type":"text/javascript"}}],"id":"39613796-e02b-4302-8351-49ee107f7810","protocolProfileBehavior":{"disableBodyPruning":true},"request":{"method":"POST","header":[],"body":{"mode":"raw","raw":"{\n    \"modules\": [\n        {\n            \"name\": \"module-her3-email-header\",\n            \"version\": \"1.0.1\",\n            \"slot\": \"header\",\n            \"size\": {\n                \"height\": \"0\",\n                \"width\": \"0\"\n            },\n            \"configOverrides\": {},\n            \"additionalMessages\": {\n                \"email_header_utilityCompanyLogo\": \"{img@[\\\"static.assets.dam\\\"][\\\"asset_files/553894/UTIL_logo_email.png\\\"]}\",\n                \"client_name\": \"Utility Company\"\n            },\n            \"data\": {\n                \"customerPerson\": {\n                    \"maskedAccountNumber\": \"******7890\"\n                }\n            }\n        },\n        {\n            \"name\": \"module-her3-email-annual-introduction\",\n            \"version\": \"21.15.29\",\n            \"slot\": \"slot-1\",\n            \"size\": {\n                \"height\": \"0\",\n                \"width\": \"0\"\n            },\n            \"configOverrides\": {},\n            \"additionalMessages\": {\n                \"global_email_successColor\": \"#709f0b\",\n                \"global_email_warningColor\": \"#da7a56\",\n                \"global_email_illustrationPalette\": \"primary-color=#59679d\"\n            },\n            \"data\": {\n                \"normativeComparisonType\": \"efficiency-zone\",\n                \"premise\": {\n                    \"meterType\": \"ELEC\",\n                    \"annualNeighborComparison\": {\n                        \"annualPeriod\": {\n                            \"end\": \"2021-12-20\"\n                        }\n                    }\n                }\n            }\n        },\n        {\n            \"name\": \"module-her3-email-annual-energy-use-benchmark\",\n            \"version\": \"0.1.10\",\n            \"slot\": \"slot-2\",\n            \"size\": {\n                \"height\": \"0\",\n                \"width\": \"0\"\n            },\n            \"configOverrides\": {},\n            \"additionalMessages\": {\n                \"global_email_illustrationWhite\": \"#FFFFFF\",\n                \"global_email_illustrationPalette\": \"illustration-white=global_email_illustrationWhite\"\n            },\n            \"data\": {\n                \"premise\": {\n                    \"meterType\": \"ELEC\",\n                    \"annualNeighborComparison\": {\n                        \"annualPeriod\": {\n                            \"start\": \"2021-02-05\",\n                            \"end\": \"2021-12-20\"\n                        },\n                        \"state\": \"worse-than-average\"\n                    }\n                }\n            }\n        },\n        {\n            \"name\": \"module-her3-email-main-insight-annual\",\n            \"version\": \"0.0.64\",\n            \"slot\": \"slot-3\",\n            \"size\": {\n                \"height\": \"0\",\n                \"width\": \"0\"\n            },\n            \"configOverrides\": {\n                \"email-annual-main-insight_showSurveyPrompt\": true\n            },\n            \"additionalMessages\": {\n                \"email-annual-main-insight_surveyUrl\": \"http://test.opower.com\",\n                \"global_fuel_unit_electric\": \"kWh\",\n                \"global_fuel_unit_gas\": \"therms\",\n                \"global_fuel_unit_combined\": \"units\",\n                \"global_email_successColor\": \"#709f0b\",\n                \"global_email_successLight\": \"#e2ecce\",\n                \"global_email_warningColor\": \"#da7a56\",\n                \"global_email_youColor\": \"#4a77ba\",\n                \"global_email_illustrationPalette\": \"success-color=global_email_successColor&warning-color=global_email_warningColor\"\n            },\n            \"data\": {\n                \"attribute\": \"efficiency-zone\",\n                \"premise\": {\n                    \"meterType\": \"ELEC\",\n                    \"annualNeighborComparison\": {\n                        \"annualPeriod\": {\n                            \"start\": \"2021-02-05\",\n                            \"end\": \"2021-12-20\"\n                        },\n                        \"youUsage\": 2965.4,\n                        \"averageOfAllNeighborsUsage\": 2765.6,\n                        \"efficientNeighborsThresholdUsage\": 2490.1,\n                        \"state\": \"worse-than-average\"\n                    },\n                    \"homeEnergyAudit\": {\n                        \"uheaToken\": \"token1\"\n                    }\n                },\n                \"utilityCompany\": {\n                    \"neighborLanguage\": \"similar-homes\"\n                }\n            }\n        },\n        {\n            \"name\": \"module-her3-email-annual-secondary-insight\",\n            \"version\": \"21.15.0\",\n            \"slot\": \"slot-4\",\n            \"size\": {\n                \"height\": \"0\",\n                \"width\": \"0\"\n            },\n            \"data\": {\n                \"premise\": {\n                    \"meterType\": \"ELEC\"\n                },\n                \"annualUsage\": {\n                    \"seasonUsages\": [\n                        {\n                            \"season\": \"WINTER\",\n                            \"usageAmount\": 1234,\n                            \"isDataCompleted\": true\n                        },\n                        {\n                            \"season\": \"SPRING\",\n                            \"usageAmount\": 2345,\n                            \"isDataCompleted\": true\n                        },\n                        {\n                            \"season\": \"SUMMER\",\n                            \"usageAmount\": 3456,\n                            \"isDataCompleted\": true\n                        },\n                        {\n                            \"season\": \"FALL\",\n                            \"usageAmount\": 4567,\n                            \"isDataCompleted\": true\n                        }\n                    ],\n                    \"monthlyUsages\": [\n                        {\n                            \"month\": \"JANUARY\",\n                            \"usageAmount\": 1234,\n                            \"isDataCompleted\": true\n                        },\n                        {\n                            \"month\": \"FEBRUARY\",\n                            \"usageAmount\": 2345,\n                            \"isDataCompleted\": true\n                        },\n                        {\n                            \"month\": \"MARCH\",\n                            \"usageAmount\": 3456,\n                            \"isDataCompleted\": true\n                        },\n                        {\n                            \"month\": \"APRIL\",\n                            \"usageAmount\": 4567,\n                            \"isDataCompleted\": true\n                        },\n                        {\n                            \"month\": \"MAY\",\n                            \"usageAmount\": 5678,\n                            \"isDataCompleted\": true\n                        },\n                        {\n                            \"month\": \"JUNE\",\n                            \"usageAmount\": 6789,\n                            \"isDataCompleted\": true\n                        },\n                        {\n                            \"month\": \"JULY\",\n                            \"usageAmount\": 7890,\n                            \"isDataCompleted\": true\n                        },\n                        {\n                            \"month\": \"AUGUST\",\n                            \"usageAmount\": 8901,\n                            \"isDataCompleted\": true\n                        },\n                        {\n                            \"month\": \"SEPTEMBER\",\n                            \"usageAmount\": 9012,\n                            \"isDataCompleted\": true\n                        },\n                        {\n                            \"month\": \"OCTOBER\",\n                            \"usageAmount\": 10123,\n                            \"isDataCompleted\": true\n                        },\n                        {\n                            \"month\": \"NOVEMBER\",\n                            \"usageAmount\": 11234,\n                            \"isDataCompleted\": true\n                        },\n                        {\n                            \"month\": \"DECEMBER\",\n                            \"usageAmount\": 12345,\n                            \"isDataCompleted\": true\n                        }\n                    ],\n                    \"dayOfWeekUsages\": [\n                        {\n                            \"dayOfWeek\": \"MONDAY\",\n                            \"usageAmount\": 1234\n                        },\n                        {\n                            \"dayOfWeek\": \"TUESDAY\",\n                            \"usageAmount\": 2345\n                        },\n                        {\n                            \"dayOfWeek\": \"WEDNESDAY\",\n                            \"usageAmount\": 3456\n                        },\n                        {\n                            \"dayOfWeek\": \"THURSDAY\",\n                            \"usageAmount\": 4567\n                        },\n                        {\n                            \"dayOfWeek\": \"FRIDAY\",\n                            \"usageAmount\": 5678\n                        },\n                        {\n                            \"dayOfWeek\": \"SATURDAY\",\n                            \"usageAmount\": 6789\n                        },\n                        {\n                            \"dayOfWeek\": \"SUNDAY\",\n                            \"usageAmount\": 7890\n                        }\n                    ]\n                }\n            },\n            \"locale\": \"en-US\",\n            \"configOverrides\": {},\n            \"additionalMessages\": {\n                \"email-annual-main-insight_surveyUrl\": \"http://test.opower.com\",\n                \"global_fuel_unit_electric\": \"kWh\",\n                \"global_fuel_unit_gas\": \"therms\",\n                \"global_fuel_unit_combined\": \"units\",\n                \"global_email_successColor\": \"#709f0b\",\n                \"global_email_successLight\": \"#e2ecce\",\n                \"global_email_warningColor\": \"#da7a56\",\n                \"global_email_youColor\": \"#4a77ba\",\n                \"global_email_illustrationPalette\": \"success-color=global_email_successColor&warning-color=global_email_warningColor\"\n            }\n        },\n        {\n            \"name\": \"module-her3-email-annual-tips\",\n            \"version\": \"1.0.5\",\n            \"slot\": \"slot-5\",\n            \"size\": {\n                \"height\": \"0\",\n                \"width\": \"0\"\n            },\n            \"configOverrides\": {},\n            \"additionalMessages\": {\n                \"global_email_illustrationWhite\": \"#FFF\",\n                \"global_email_illustrationPalette\": \"illustration-white=global_email_illustrationWhite\"\n            },\n            \"data\": {\n                \"premise\": {\n                    \"meterType\": \"ELEC\"\n                },\n                \"tipData\": {\n                    \"tips\": [\n                        {\n                            \"name\": \"tip013_save_on_washing_dishes\",\n                            \"title\": \"Run full dishwasher loads\",\n                            \"group\": \"APPLIANCES\",\n                            \"subGroup\": \"DISHWASHER\",\n                            \"imageSmall\": \"asset_files/528303/tip013_save_on_washing_dishes.svg\",\n                            \"emailBody\": \"Your dishwasher uses a lot of energy, especially for heating water.To cut down on energy use, run only full loads and let your dishes air dry.\",\n                            \"costCategory\": \"GREAT_INVESTMENT\",\n                            \"savingsAmount\": \"85\",\n                            \"savingsText\": \"Save up to ${this.savingsAmount} per year\"\n                        },\n                        {\n                            \"name\": \"tip014_upgrade_central_ac\",\n                            \"title\": \"Upgrade to an efficient central air conditioner\",\n                            \"group\": \"COOLING\",\n                            \"subGroup\": \"HAC\",\n                            \"imageSmall\": \"asset_files/529176/tip014_upgrade_central_ac.svg\",\n                            \"emailBody\": \"On summer days, air conditioning is often the largest part of your energy bill.\\u00a0 You could save up to 50% on cooling costs by switching to a newer, more efficient air conditioner.\",\n                            \"costCategory\": \"GREAT_INVESTMENT\",\n                            \"savingsAmount\": \"50\",\n                            \"savingsText\": \"Save up to ${this.savingsAmount} per year\"\n                        }\n                    ]\n                },\n                \"disaggregationBasedTipData\": {\n                    \"tips\": [\n                        {\n                            \"name\": \"tip100_use_trade_winds\",\n                            \"title\": \"Take advantage of cross-ventilation\",\n                            \"savingsText\": \"You may be able to keep your AC off all year\",\n                            \"emailBody\": \"Taking advantage of natural cross-ventilation in your home can help reduce your air conditioning bill. Experiment with opening and closing different combinations of windows and doors to create natural cross-ventilation.\",\n                            \"savingsAmount\": 30.0,\n                            \"disaggregationCategory\": \"COOLING\",\n                            \"costCategory\": \"FREE\",\n                            \"imageSmall\": \"asset_files/528993/tip100_use_trade_winds.svg\"\n                        },\n                        {\n                            \"name\": \"tip069_install_efficient_showerheads\",\n                            \"title\": \"Install efficient showerheads\",\n                            \"savingsText\": \"Save up to ${this.savingsAmount} per year\",\n                            \"emailBody\": \"Showering accounts for about 40% of your home's hot water use, but you can cut costs without sacrificing comfort. Energy-efficient showerheads can reduce hot water use without compromising water pressure.\",\n                            \"savingsAmount\": 25.0,\n                            \"disaggregationCategory\": \"WATER_HEATING\",\n                            \"costCategory\": \"FREE\",\n                            \"imageSmall\": \"asset_files/529289/tip069_install_efficient_showerheads.svg\"\n                        },\n                        {\n                            \"name\": \"tip047_use_efficient_lighting\",\n                            \"title\": \"Replace your inefficient light bulbs\",\n                            \"savingsText\": \"Save up to ${this.savingsAmount} over bulb life\",\n                            \"emailBody\": \"Inefficient incandescent bulbs are costly to run and replace in the long term. Use compact fluorescent light (CFL) bulbs ? they use 75% less energy and last at least ten times longer.\",\n                            \"savingsAmount\": 100.0,\n                            \"disaggregationCategory\": \"LIGHTING\",\n                            \"costCategory\": \"FREE\",\n                            \"imageSmall\": \"asset_files/529066/tip047_use_efficient_lighting.svg\"\n                        }\n                    ]\n                }\n            }\n        },\n        {\n            \"name\": \"module-her3-email-dynamic-mini-hea\",\n            \"version\": \"0.0.29\",\n            \"slot\": \"slot-6\",\n            \"size\": {\n                \"height\": \"0\",\n                \"width\": \"0\"\n            },\n            \"configOverrides\": {},\n            \"additionalMessages\": {\n                \"client_astro_url\": \"http://test.opower.com\",\n                \"client_feedback_widget_url\": \"{msg@[client_astro_url]}/ei/x/feedback\"\n            },\n            \"data\": {\n                \"premise\": {\n                    \"homeEnergyAudit\": {\n                        \"isEnabled\": true,\n                        \"uheaToken\": \"00000000-0000-0000-0000-000000000000\",\n                        \"miniHeaNextQuestion\": {\n                            \"name\": \"homeType\",\n                            \"yesValue\": \"SINGLE_FAMILY\",\n                            \"noValue\": \"APARTMENT_CONDO\"\n                        }\n                    }\n                }\n            }\n        },\n        {\n            \"name\": \"module-her3-email-footer\",\n            \"version\": \"0.2.18\",\n            \"slot\": \"footer\",\n            \"size\": {\n                \"height\": \"0\",\n                \"width\": \"0\"\n            },\n            \"configOverrides\": {\n                \"emailFooterPreferencesUrl\": \"http://util-preference.fake\",\n                \"emailFooterAppStoreUrl\": \"http://app-store.fake\",\n                \"emailFooterGooglePlayUrl\": \"http://google-play.fake\",\n                \"emailFooterTwitterUrl\": \"http://twitter.fake\",\n                \"emailFooterFacebookUrl\": \"http://facebook.fake\"\n            },\n            \"additionalMessages\": {\n                \"client_name\": \"UtilityCo\",\n                \"clientAddressLine1\": \"P.O. Box 1234\",\n                \"clientAddressLine2\": \"Austin, TX 12345-6789\",\n                \"clientPhoneNumber\": \"888-999-9999\",\n                \"clientUrl\": \"https://utilityco.com\",\n                \"global_email_primaryContrast\": \"#fff\"\n            },\n            \"data\": {}\n        }\n    ],\n    \"layout\": {\n        \"name\": \"report\",\n        \"requiredMessages\": {\n            \"email_header_utilityCompanyLogo\": \"https://static-content.opower.com/clients/util/logo.png\",\n            \"client_name\": \"Utility Company\"\n        }\n    },\n    \"locale\": \"en-US\"\n}","options":{"raw":{"language":"json"}}},"url":{"raw":"http://localhost:8080/v1/render-compose/email","protocol":"http","host":["localhost"],"port":"8080","path":["v1","render-compose","email"]}},"response":[]},{"name":"gas-ez-good-misc-appliances","event":[{"listen":"prerequest","script":{"id":"9ac81fc6-61fb-4f0e-a056-9f9a63ae492e","exec":["[","  {","    \"compositionPath\": \"/opower/her3-composition\",","    \"channel\": \"email\",","    \"layout\": \"report\",","    \"reportName\": \"welcome-with-ears\",","    \"Modules\": [","      {","        \"slotName\": \"header\",","        \"Name\": \"module-her3-email-header-runner\",","        \"Path\": \"/opower/module-her3-header/module-her3-email-header-runner\",","        \"Fixture\": {","          \"locale\": \"en-US\",","          \"size\": {","            \"width\": 0,","            \"height\": 0","          },","          \"additionalMessages\": {","            \"email_header_utilityCompanyLogo\": \"https://github.va.opower.it/raw/dsm/module-her3-header/master/module-her3-email-header-runner/src/test/resources/UTIL_logo_email.png\",","            \"client_name\": \"Utility Company\"","          },","          \"data\": {","            \"customerPerson\": {","              \"maskedAccountNumber\": \"******7890\"","            }","          }","        }","      },","      {","        \"slotName\": \"info\",","        \"Name\": \"module-her3-email-progress-intro-illustration-runner\",","        \"Path\": \"/opower/module-her3-email-progress-intro-illustration/module-her3-email-progress-intro-illustration-runner\",","        \"Fixture\": {","          \"locale\": \"en-US\",","          \"size\": {","            \"width\": 0,","            \"height\": 0","          },","          \"additionalMessages\": {","            \"global_email_illustrationPalette\": \"primary-color=%230067B1&efficient-color=%2300A94F&neighbor-color=%23666666&success-color=%2399cc33&good-color=%23f9e500&great-color=%2399cc33&fair-color=%23f7941d&summer-color=%23f7941d&winter-color=%2300b7ce&smiley-eyes-color=%23000000&icon-default-color=%23666666&illustration-highlight=%23FF0000&illustration-white=%23FFFFFF&illustration-lightest-gray=%23F1F1F1&illustration-light-gray=%23E1E1E1&illustration-medium-gray=%23C1C1C1&illustration-dark-gray=%23666666&illustration-yellow=%23F9E500\"","          },","          \"data\": {","            \"attribute\": \"neighbor-comparison\",","            \"customerPerson\": {","              \"firstName\": \"Gina\"","            },","            \"previousReportSent\": null","          }","        }","      },","      {","        \"slotName\": \"slot-1\",","        \"Name\": \"module-her3-email-welcome-runner\",","        \"Path\": \"/opower/module-her3-welcome/module-her3-email-welcome-runner\",","        \"Fixture\": {","          \"locale\": \"en-US\",","          \"size\": {","            \"width\": 0,","            \"height\": 0","          },","          \"additionalMessages\": {","            \"global_email_illustrationWhite\": \"#FFFFFF\",","            \"global_email_illustrationPalette\": \"illustration-white=global_email_illustrationWhite\"","          },","          \"data\": {","            \"previousHer2ReportSent\": {","              \"generatedOn\": \"2020-03-05T03:00:00.000+03:00\"","            }","          }","        }","      },","      {","        \"slotName\": \"slot-2\",","        \"Name\": \"module-her3-email-progress-energy-use-benchmark-runner\",","        \"Path\": \"/opower/her3-energy-use-benchmark-module/module-her3-email-progress-energy-use-benchmark-runner\",","        \"Fixture\": {","          \"locale\": \"en-US\",","          \"size\": {","            \"width\": 0,","            \"height\": 0","          },","          \"additionalMessages\": {","            \"global_email_illustrationWhite\": \"#FFFFFF\",","            \"global_email_illustrationPalette\": \"illustration-white=global_email_illustrationWhite\"","          },","          \"data\": {","            \"previousHer2ReportSent\": {","              \"generatedOn\": \"2020-03-05T03:00:00.000+03:00\"","            },","            \"premise\": {","              \"meterType\": \"COMBINED\",","              \"neighborComparisons\": [","                {","                  \"comparisonInterval\": \"2020-03-05T03:00:00.000+03:00/2020-04-04T17:32:40.297+03:00\",","                  \"state\": \"better-than-average\"","                }","              ]","            },","            \"previousReportSent\": {","              \"neighborComparison\": {","                \"state\": \"better-than-average\"","              }","            }","          }","        }","      },","      {","        \"slotName\": \"slot-3\",","        \"Path\": \"/opower/module-her3-efficiency-zone/module-her3-email-efficiency-zone-progress-runner\",","        \"Name\": \"module-her3-email-efficiency-zone-progress-runner\",","        \"Fixture\": {","          \"locale\": \"en-US\",","          \"size\": {","            \"width\": 0,","            \"height\": 0","          },","          \"configOverrides\": {","          },","          \"additionalMessages\": {","            \"global_fuel_unit_electric\": \"kWh\",","            \"global_fuel_unit_gas\": \"therms\",","            \"global_fuel_unit_combined\": \"units\",","            \"global_email_successColor\": \"#709f0b\",","            \"global_email_successMedium\": \"#da7a56\",","            \"global_email_illustrationPalette\": \"success-color=global_email_successColor&success-medium=global_email_successMedium\"","          },","          \"data\": {","            \"previousHer2ReportSent\": {","              \"generatedOn\": \"2020-03-05T03:00:00.000+03:00\"","            },","            \"premise\": {","              \"meterType\": \"GAS\",","              \"neighborComparisons\": [","                {","                  \"youUsage\": 461.8,","                  \"averageOfAllNeighborsUsage\": 765.6,","                  \"efficientNeighborsThresholdUsage\": 459.8,","                  \"state\": \"near-but-worse-than-efficient\"","                }","              ]","            }","          }","        }","      },","      {","        \"slotName\": \"slot-4\",","        \"Path\": \"/opower/module-her3-tips/module-her3-email-tip-progress-runner\",","        \"Name\": \"module-her3-email-tip-progress-runner\",","        \"Fixture\": {","          \"locale\": \"en-US\",","          \"size\": {","            \"width\": 0,","            \"height\": 0","          },","          \"additionalMessages\": {","            \"global_email_illustrationPalette\": \"illustration-white=global_email_illustrationWhite\"","          },","          \"data\": {","            \"previousHer2ReportSent\": {","              \"generatedOn\": \"2020-03-05T03:00:00.000+03:00\"","            },","            \"tipData\": {","              \"tips\": [","                {","                  \"name\": \"tip001_buy-energy-star\",","                  \"title\": \"Upgrade to energy-efficient windows\",","                  \"emailBody\": \"You can prevent air leakage by improving the efficiency of your windows. While it may not be cost effective to replace your windows based on energy savings alone, there are lots of other benefits from new windows, including comfort, security, noise reduction, and aesthetics.\",","                  \"savingsText\": \"Save up to ${this.savingsAmount} per year.\",","                  \"savingsAmount\": 20.0,","                  \"imageSmall\": \"asset_files/529082/tip001_buy_energy_star.svg\"","                },","                {","                  \"name\": \"tip002_buy-energy-star\",","                  \"title\": \"Upgrade to energy-efficient windows\",","                  \"emailBody\": \"You can prevent air leakage by improving the efficiency of your windows. While it may not be cost effective to replace your windows based on energy savings alone, there are lots of other benefits from new windows, including comfort, security, noise reduction, and aesthetics.\",","                  \"savingsText\": \"Save up to ${this.savingsAmount} per year.\",","                  \"savingsAmount\": 21.0,","                  \"imageSmall\": \"asset_files/537191/tip002_choose_efficient_refrigerator_sm.svg\"","                },","                {","                  \"name\": \"tip003_buy-energy-star\",","                  \"title\": \"Upgrade to energy-efficient windows\",","                  \"emailBody\": \"You can prevent air leakage by improving the efficiency of your windows. While it may not be cost effective to replace your windows based on energy savings alone, there are lots of other benefits from new windows, including comfort, security, noise reduction, and aesthetics.\",","                  \"savingsText\": \"Save up to $22 per year.\",","                  \"savingsAmount\": 11.0,","                  \"imageSmall\": \"asset_files/529502/tip003_choose_efficient_clothes_dryer.svg\"","                }","              ]","            }","          }","        }","      }","    ]","  }","]"],"type":"text/javascript"}}],"id":"4abe244c-de9d-4647-92ef-131bc15697bf","protocolProfileBehavior":{"disableBodyPruning":true},"request":{"method":"POST","header":[],"body":{"mode":"raw","raw":"{\n    \"modules\": [\n        {\n            \"name\": \"module-her3-email-header\",\n            \"version\": \"1.0.1\",\n            \"slot\": \"header\",\n            \"size\": {\n                \"height\": \"0\",\n                \"width\": \"0\"\n            },\n            \"configOverrides\": {},\n            \"additionalMessages\": {\n                \"email_header_utilityCompanyLogo\": \"{img@[\\\"static.assets.dam\\\"][\\\"asset_files/553894/UTIL_logo_email.png\\\"]}\",\n                \"client_name\": \"Utility Company\"\n            },\n            \"data\": {\n                \"customerPerson\": {\n                    \"maskedAccountNumber\": \"******7890\"\n                }\n            }\n        },\n        {\n            \"name\": \"module-her3-email-annual-introduction\",\n            \"version\": \"21.15.29\",\n            \"slot\": \"slot-1\",\n            \"size\": {\n                \"height\": \"0\",\n                \"width\": \"0\"\n            },\n            \"configOverrides\": {},\n            \"additionalMessages\": {\n                \"global_email_illustrationPalette\": \"primary-color=#59679d\"\n            },\n            \"data\": {\n                \"normativeComparisonType\": \"efficiency-zone\",\n                \"premise\": {\n                    \"meterType\": \"GAS\",\n                    \"annualNeighborComparison\": {\n                        \"annualPeriod\": {\n                            \"end\": \"2021-12-20\"\n                        }\n                    }\n                }\n            }\n        },\n        {\n            \"name\": \"module-her3-email-annual-energy-use-benchmark\",\n            \"version\": \"0.1.10\",\n            \"slot\": \"slot-2\",\n            \"size\": {\n                \"height\": \"0\",\n                \"width\": \"0\"\n            },\n            \"configOverrides\": {},\n            \"additionalMessages\": {\n                \"global_email_illustrationWhite\": \"#FFFFFF\",\n                \"global_email_illustrationPalette\": \"illustration-white=global_email_illustrationWhite\"\n            },\n            \"data\": {\n                \"premise\": {\n                    \"meterType\": \"GAS\",\n                    \"annualNeighborComparison\": {\n                        \"annualPeriod\": {\n                            \"start\": \"2021-05-05\",\n                            \"end\": \"2021-12-20\"\n                        },\n                        \"state\": \"better-than-average\"\n                    }\n                }\n            }\n        },\n        {\n            \"name\": \"module-her3-email-main-insight-annual\",\n            \"version\": \"0.0.64\",\n            \"slot\": \"slot-3\",\n            \"size\": {\n                \"height\": \"0\",\n                \"width\": \"0\"\n            },\n            \"configOverrides\": {\n                \"email-annual-main-insight_showSurveyPrompt\": true\n            },\n            \"additionalMessages\": {\n                \"email-annual-main-insight_surveyUrl\": \"http://test.opower.com\",\n                \"global_fuel_unit_electric\": \"kWh\",\n                \"global_fuel_unit_gas\": \"therms\",\n                \"global_fuel_unit_combined\": \"units\",\n                \"global_email_successColor\": \"#709f0b\",\n                \"global_email_successLight\": \"#e2ecce\",\n                \"global_email_warningColor\": \"#da7a56\",\n                \"global_email_youColor\": \"#4a77ba\",\n                \"global_email_illustrationPalette\": \"success-color=global_email_successColor&warning-color=global_email_warningColor\"\n            },\n            \"data\": {\n                \"attribute\": \"efficiency-zone\",\n                \"premise\": {\n                    \"meterType\": \"GAS\",\n                    \"annualNeighborComparison\": {\n                        \"annualPeriod\": {\n                            \"start\": \"2021-05-05\",\n                            \"end\": \"2021-12-20\"\n                        },\n                        \"youUsage\": 2620.9,\n                        \"averageOfAllNeighborsUsage\": 2765.6,\n                        \"efficientNeighborsThresholdUsage\": 2490.1,\n                        \"state\": \"better-than-average\"\n                    },\n                    \"homeEnergyAudit\": {\n                        \"uheaToken\": \"token1\"\n                    }\n                },\n                \"utilityCompany\": {\n                    \"neighborLanguage\": \"similar-homes\"\n                }\n            }\n        },\n        {\n            \"name\": \"module-her3-email-annual-secondary-insight\",\n            \"version\": \"21.15.0\",\n            \"slot\": \"slot-4\",\n            \"size\": {\n                \"height\": \"0\",\n                \"width\": \"0\"\n            },\n            \"data\": {\n                \"premise\": {\n                    \"meterType\": \"GAS\"\n                },\n                \"annualUsage\": {\n                    \"seasonUsages\": [\n                        {\n                            \"season\": \"WINTER\",\n                            \"usageAmount\": 2345,\n                            \"isDataCompleted\": true\n                        },\n                        {\n                            \"season\": \"SPRING\",\n                            \"usageAmount\": 3456,\n                            \"isDataCompleted\": true\n                        },\n                        {\n                            \"season\": \"SUMMER\",\n                            \"usageAmount\": 4567,\n                            \"isDataCompleted\": true\n                        },\n                        {\n                            \"season\": \"FALL\",\n                            \"usageAmount\": 1234,\n                            \"isDataCompleted\": true\n                        }\n                    ],\n                    \"monthlyUsages\": [\n                        {\n                            \"month\": \"JANUARY\",\n                            \"usageAmount\": 12345,\n                            \"isDataCompleted\": true\n                        },\n                        {\n                            \"month\": \"FEBRUARY\",\n                            \"usageAmount\": 1234,\n                            \"isDataCompleted\": true\n                        },\n                        {\n                            \"month\": \"MARCH\",\n                            \"usageAmount\": 2345,\n                            \"isDataCompleted\": true\n                        },\n                        {\n                            \"month\": \"APRIL\",\n                            \"usageAmount\": 3456,\n                            \"isDataCompleted\": true\n                        },\n                        {\n                            \"month\": \"MAY\",\n                            \"usageAmount\": 4567,\n                            \"isDataCompleted\": true\n                        },\n                        {\n                            \"month\": \"JUNE\",\n                            \"usageAmount\": 5678,\n                            \"isDataCompleted\": true\n                        },\n                        {\n                            \"month\": \"JULY\",\n                            \"usageAmount\": 6789,\n                            \"isDataCompleted\": true\n                        },\n                        {\n                            \"month\": \"AUGUST\",\n                            \"usageAmount\": 7890,\n                            \"isDataCompleted\": true\n                        },\n                        {\n                            \"month\": \"SEPTEMBER\",\n                            \"usageAmount\": 8901,\n                            \"isDataCompleted\": true\n                        },\n                        {\n                            \"month\": \"OCTOBER\",\n                            \"usageAmount\": 9012,\n                            \"isDataCompleted\": true\n                        },\n                        {\n                            \"month\": \"NOVEMBER\",\n                            \"usageAmount\": 10123,\n                            \"isDataCompleted\": true\n                        },\n                        {\n                            \"month\": \"DECEMBER\",\n                            \"usageAmount\": 11234,\n                            \"isDataCompleted\": true\n                        }\n                    ],\n                    \"dayOfWeekUsages\": [\n                        {\n                            \"dayOfWeek\": \"MONDAY\",\n                            \"usageAmount\": 2345\n                        },\n                        {\n                            \"dayOfWeek\": \"TUESDAY\",\n                            \"usageAmount\": 3456\n                        },\n                        {\n                            \"dayOfWeek\": \"WEDNESDAY\",\n                            \"usageAmount\": 4567\n                        },\n                        {\n                            \"dayOfWeek\": \"THURSDAY\",\n                            \"usageAmount\": 5678\n                        },\n                        {\n                            \"dayOfWeek\": \"FRIDAY\",\n                            \"usageAmount\": 6789\n                        },\n                        {\n                            \"dayOfWeek\": \"SATURDAY\",\n                            \"usageAmount\": 7890\n                        },\n                        {\n                            \"dayOfWeek\": \"SUNDAY\",\n                            \"usageAmount\": 8901\n                        }\n                    ]\n                }\n            },\n            \"locale\": \"en-US\",\n            \"configOverrides\": {},\n            \"additionalMessages\": {\n                \"email-annual-main-insight_surveyUrl\": \"http://test.opower.com\",\n                \"global_fuel_unit_electric\": \"kWh\",\n                \"global_fuel_unit_gas\": \"therms\",\n                \"global_fuel_unit_combined\": \"units\",\n                \"global_email_successColor\": \"#709f0b\",\n                \"global_email_successLight\": \"#e2ecce\",\n                \"global_email_warningColor\": \"#da7a56\",\n                \"global_email_youColor\": \"#4a77ba\",\n                \"global_email_illustrationPalette\": \"success-color=global_email_successColor&warning-color=global_email_warningColor\"\n            }\n        },\n        {\n            \"name\": \"module-her3-email-annual-tips\",\n            \"version\": \"1.0.5\",\n            \"slot\": \"slot-5\",\n            \"size\": {\n                \"height\": \"0\",\n                \"width\": \"0\"\n            },\n            \"configOverrides\": {},\n            \"additionalMessages\": {\n                \"global_email_illustrationWhite\": \"#FFF\",\n                \"global_email_illustrationPalette\": \"illustration-white=global_email_illustrationWhite\"\n            },\n            \"data\": {\n                \"premise\": {\n                    \"meterType\": \"GAS\"\n                },\n                \"tipData\": {\n                    \"tips\": [\n                        {\n                            \"name\": \"tip001_buy_energy_star\",\n                            \"title\": \"Upgrade to ENERGY STAR<sup>\\u00ae</sup> appliances\",\n                            \"group\": \"APPLIANCES\",\n                            \"subGroup\": \"MISC_APPLIANCE\",\n                            \"imageSmall\": \"asset_files/529082/tip001_buy_energy_star.svg\",\n                            \"emailBody\": \"The U.S. Department of Energy tests the efficiency of household appliances and electronics. The best earn the ENERGY STAR label. This program saves American households millions of dollars every year.</p>\\n<p>The ENERGY STAR label can be found on efficient models of many products. Certified models often run more quietly, last longer, and are more convenient to use than conventional models. Visit than conventional models.</p>\\n<p>Visit for details.\",\n                            \"costCategory\": \"SMART_PURCHASE\",\n                            \"savingsAmount\": null,\n                            \"savingsText\": null\n                        },\n                        {\n                            \"name\": \"tip017_install_ceiling_fan\",\n                            \"title\": \"Use a ceiling fan and raise the thermostat setting 4°F\",\n                            \"group\": \"COOLING\",\n                            \"subGroup\": \"THERMOSTAT\",\n                            \"imageSmall\": \"asset_files/529484/tip017_install_ceiling_fan.svg\",\n                            \"emailBody\": \"ENERGY STAR<sup>®</sup> certified ceiling fans allow you to set your thermostat 4°F higher without sacrificing comfort. Adding fans to your home can keep you cool while reducing AC costs.\",\n                            \"costCategory\": \"FREE\",\n                            \"savingsAmount\": \"55\",\n                            \"savingsText\": \"Save up to ${this.savingsAmount} per year\"\n                        }\n                    ]\n                }\n            }\n        },\n        {\n            \"name\": \"module-her3-email-dynamic-mini-hea\",\n            \"version\": \"0.0.29\",\n            \"slot\": \"slot-6\",\n            \"size\": {\n                \"height\": \"0\",\n                \"width\": \"0\"\n            },\n            \"configOverrides\": {},\n            \"additionalMessages\": {\n                \"client_astro_url\": \"http://test.opower.com\",\n                \"client_feedback_widget_url\": \"{msg@[client_astro_url]}/ei/x/feedback\"\n            },\n            \"data\": {\n                \"premise\": {\n                    \"homeEnergyAudit\": {\n                        \"isEnabled\": true,\n                        \"uheaToken\": \"00000000-0000-0000-0000-000000000000\",\n                        \"miniHeaNextQuestion\": {\n                            \"name\": \"homeType\",\n                            \"yesValue\": \"SINGLE_FAMILY\",\n                            \"noValue\": \"APARTMENT_CONDO\"\n                        }\n                    }\n                }\n            }\n        },\n        {\n            \"name\": \"module-her3-email-footer\",\n            \"version\": \"0.2.18\",\n            \"slot\": \"footer\",\n            \"size\": {\n                \"height\": \"0\",\n                \"width\": \"0\"\n            },\n            \"configOverrides\": {\n                \"emailFooterPreferencesUrl\": \"http://util-preference.fake\",\n                \"emailFooterAppStoreUrl\": \"http://app-store.fake\",\n                \"emailFooterGooglePlayUrl\": \"http://google-play.fake\",\n                \"emailFooterTwitterUrl\": \"http://twitter.fake\",\n                \"emailFooterFacebookUrl\": \"http://facebook.fake\"\n            },\n            \"additionalMessages\": {\n                \"client_name\": \"UtilityCo\",\n                \"clientAddressLine1\": \"P.O. Box 1234\",\n                \"clientAddressLine2\": \"Austin, TX 12345-6789\",\n                \"clientPhoneNumber\": \"888-999-9999\",\n                \"clientUrl\": \"https://utilityco.com\",\n                \"global_email_primaryContrast\": \"#fff\"\n            },\n            \"data\": {}\n        }\n    ],\n    \"layout\": {\n        \"name\": \"report\",\n        \"requiredMessages\": {\n            \"email_header_utilityCompanyLogo\": \"https://static-content.opower.com/clients/util/logo.png\",\n            \"client_name\": \"Utility Company\"\n        }\n    },\n    \"locale\": \"en-US\"\n}","options":{"raw":{"language":"json"}}},"url":{"raw":"http://localhost:8080/v1/render-compose/email","protocol":"http","host":["localhost"],"port":"8080","path":["v1","render-compose","email"]}},"response":[]},{"name":"combined-nc-great","event":[{"listen":"prerequest","script":{"id":"ac57232c-f14f-4aeb-a86c-c1152d0a8fb7","exec":["[","  {","    \"compositionPath\": \"/opower/her3-composition\",","    \"channel\": \"email\",","    \"layout\": \"report\",","    \"reportName\": \"welcome-with-ears\",","    \"Modules\": [","      {","        \"slotName\": \"header\",","        \"Name\": \"module-her3-email-header-runner\",","        \"Path\": \"/opower/module-her3-header/module-her3-email-header-runner\",","        \"Fixture\": {","          \"locale\": \"en-US\",","          \"size\": {","            \"width\": 0,","            \"height\": 0","          },","          \"additionalMessages\": {","            \"email_header_utilityCompanyLogo\": \"https://github.va.opower.it/raw/dsm/module-her3-header/master/module-her3-email-header-runner/src/test/resources/UTIL_logo_email.png\",","            \"client_name\": \"Utility Company\"","          },","          \"data\": {","            \"customerPerson\": {","              \"maskedAccountNumber\": \"******7890\"","            }","          }","        }","      },","      {","        \"slotName\": \"info\",","        \"Name\": \"module-her3-email-progress-intro-illustration-runner\",","        \"Path\": \"/opower/module-her3-email-progress-intro-illustration/module-her3-email-progress-intro-illustration-runner\",","        \"Fixture\": {","          \"locale\": \"en-US\",","          \"size\": {","            \"width\": 0,","            \"height\": 0","          },","          \"additionalMessages\": {","            \"global_email_illustrationPalette\": \"primary-color=%230067B1&efficient-color=%2300A94F&neighbor-color=%23666666&success-color=%2399cc33&good-color=%23f9e500&great-color=%2399cc33&fair-color=%23f7941d&summer-color=%23f7941d&winter-color=%2300b7ce&smiley-eyes-color=%23000000&icon-default-color=%23666666&illustration-highlight=%23FF0000&illustration-white=%23FFFFFF&illustration-lightest-gray=%23F1F1F1&illustration-light-gray=%23E1E1E1&illustration-medium-gray=%23C1C1C1&illustration-dark-gray=%23666666&illustration-yellow=%23F9E500\"","          },","          \"data\": {","            \"attribute\": \"neighbor-comparison\",","            \"customerPerson\": {","              \"firstName\": \"Gina\"","            },","            \"previousReportSent\": null","          }","        }","      },","      {","        \"slotName\": \"slot-1\",","        \"Name\": \"module-her3-email-welcome-runner\",","        \"Path\": \"/opower/module-her3-welcome/module-her3-email-welcome-runner\",","        \"Fixture\": {","          \"locale\": \"en-US\",","          \"size\": {","            \"width\": 0,","            \"height\": 0","          },","          \"additionalMessages\": {","            \"global_email_illustrationWhite\": \"#FFFFFF\",","            \"global_email_illustrationPalette\": \"illustration-white=global_email_illustrationWhite\"","          },","          \"data\": {","            \"previousHer2ReportSent\": {","              \"generatedOn\": \"2020-03-05T03:00:00.000+03:00\"","            }","          }","        }","      },","      {","        \"slotName\": \"slot-2\",","        \"Name\": \"module-her3-email-progress-energy-use-benchmark-runner\",","        \"Path\": \"/opower/her3-energy-use-benchmark-module/module-her3-email-progress-energy-use-benchmark-runner\",","        \"Fixture\": {","          \"locale\": \"en-US\",","          \"size\": {","            \"width\": 0,","            \"height\": 0","          },","          \"additionalMessages\": {","            \"global_email_illustrationWhite\": \"#FFFFFF\",","            \"global_email_illustrationPalette\": \"illustration-white=global_email_illustrationWhite\"","          },","          \"data\": {","            \"previousHer2ReportSent\": {","              \"generatedOn\": \"2020-03-05T03:00:00.000+03:00\"","            },","            \"premise\": {","              \"meterType\": \"COMBINED\",","              \"neighborComparisons\": [","                {","                  \"comparisonInterval\": \"2020-03-05T03:00:00.000+03:00/2020-04-04T17:32:40.297+03:00\",","                  \"state\": \"better-than-average\"","                }","              ]","            },","            \"previousReportSent\": {","              \"neighborComparison\": {","                \"state\": \"better-than-average\"","              }","            }","          }","        }","      },","      {","        \"slotName\": \"slot-3\",","        \"Path\": \"/opower/module-her3-efficiency-zone/module-her3-email-efficiency-zone-progress-runner\",","        \"Name\": \"module-her3-email-efficiency-zone-progress-runner\",","        \"Fixture\": {","          \"locale\": \"en-US\",","          \"size\": {","            \"width\": 0,","            \"height\": 0","          },","          \"configOverrides\": {","          },","          \"additionalMessages\": {","            \"global_fuel_unit_electric\": \"kWh\",","            \"global_fuel_unit_gas\": \"therms\",","            \"global_fuel_unit_combined\": \"units\",","            \"global_email_successColor\": \"#709f0b\",","            \"global_email_successMedium\": \"#da7a56\",","            \"global_email_illustrationPalette\": \"success-color=global_email_successColor&success-medium=global_email_successMedium\"","          },","          \"data\": {","            \"previousHer2ReportSent\": {","              \"generatedOn\": \"2020-03-05T03:00:00.000+03:00\"","            },","            \"premise\": {","              \"meterType\": \"GAS\",","              \"neighborComparisons\": [","                {","                  \"youUsage\": 461.8,","                  \"averageOfAllNeighborsUsage\": 765.6,","                  \"efficientNeighborsThresholdUsage\": 459.8,","                  \"state\": \"near-but-worse-than-efficient\"","                }","              ]","            }","          }","        }","      },","      {","        \"slotName\": \"slot-4\",","        \"Path\": \"/opower/module-her3-tips/module-her3-email-tip-progress-runner\",","        \"Name\": \"module-her3-email-tip-progress-runner\",","        \"Fixture\": {","          \"locale\": \"en-US\",","          \"size\": {","            \"width\": 0,","            \"height\": 0","          },","          \"additionalMessages\": {","            \"global_email_illustrationPalette\": \"illustration-white=global_email_illustrationWhite\"","          },","          \"data\": {","            \"previousHer2ReportSent\": {","              \"generatedOn\": \"2020-03-05T03:00:00.000+03:00\"","            },","            \"tipData\": {","              \"tips\": [","                {","                  \"name\": \"tip001_buy-energy-star\",","                  \"title\": \"Upgrade to energy-efficient windows\",","                  \"emailBody\": \"You can prevent air leakage by improving the efficiency of your windows. While it may not be cost effective to replace your windows based on energy savings alone, there are lots of other benefits from new windows, including comfort, security, noise reduction, and aesthetics.\",","                  \"savingsText\": \"Save up to ${this.savingsAmount} per year.\",","                  \"savingsAmount\": 20.0,","                  \"imageSmall\": \"asset_files/529082/tip001_buy_energy_star.svg\"","                },","                {","                  \"name\": \"tip002_buy-energy-star\",","                  \"title\": \"Upgrade to energy-efficient windows\",","                  \"emailBody\": \"You can prevent air leakage by improving the efficiency of your windows. While it may not be cost effective to replace your windows based on energy savings alone, there are lots of other benefits from new windows, including comfort, security, noise reduction, and aesthetics.\",","                  \"savingsText\": \"Save up to ${this.savingsAmount} per year.\",","                  \"savingsAmount\": 21.0,","                  \"imageSmall\": \"asset_files/537191/tip002_choose_efficient_refrigerator_sm.svg\"","                },","                {","                  \"name\": \"tip003_buy-energy-star\",","                  \"title\": \"Upgrade to energy-efficient windows\",","                  \"emailBody\": \"You can prevent air leakage by improving the efficiency of your windows. While it may not be cost effective to replace your windows based on energy savings alone, there are lots of other benefits from new windows, including comfort, security, noise reduction, and aesthetics.\",","                  \"savingsText\": \"Save up to $22 per year.\",","                  \"savingsAmount\": 11.0,","                  \"imageSmall\": \"asset_files/529502/tip003_choose_efficient_clothes_dryer.svg\"","                }","              ]","            }","          }","        }","      }","    ]","  }","]"],"type":"text/javascript"}}],"id":"b930edd6-9eda-44bd-8a5b-2befba9ec653","protocolProfileBehavior":{"disableBodyPruning":true},"request":{"method":"POST","header":[],"body":{"mode":"raw","raw":"{\n    \"modules\": [\n        {\n            \"name\": \"module-her3-email-header\",\n            \"version\": \"1.0.1\",\n            \"slot\": \"header\",\n            \"size\": {\n                \"height\": \"0\",\n                \"width\": \"0\"\n            },\n            \"configOverrides\": {},\n            \"additionalMessages\": {\n                \"email_header_utilityCompanyLogo\": \"{img@[\\\"static.assets.dam\\\"][\\\"asset_files/553894/UTIL_logo_email.png\\\"]}\",\n                \"client_name\": \"Utility Company\"\n            },\n            \"data\": {\n                \"customerPerson\": {\n                    \"maskedAccountNumber\": \"******7890\"\n                }\n            }\n        },\n        {\n            \"name\": \"module-her3-email-annual-introduction\",\n            \"version\": \"21.15.29\",\n            \"slot\": \"slot-1\",\n            \"size\": {\n                \"height\": \"0\",\n                \"width\": \"0\"\n            },\n            \"configOverrides\": {},\n            \"additionalMessages\": {\n                \"global_email_successColor\": \"#709f0b\",\n                \"global_email_warningColor\": \"#da7a56\",\n                \"global_email_illustrationPalette\": \"primary-color=#59679d\"\n            },\n            \"data\": {\n                \"normativeComparisonType\": \"neighbor-comparison\",\n                \"premise\": {\n                    \"meterType\": \"COMBINED\",\n                    \"annualNeighborComparison\": {\n                        \"annualPeriod\": {\n                            \"end\": \"2021-12-20\"\n                        }\n                    }\n                }\n            }\n        },\n        {\n            \"name\": \"module-her3-email-annual-energy-use-benchmark\",\n            \"version\": \"0.1.10\",\n            \"slot\": \"slot-2\",\n            \"size\": {\n                \"height\": \"0\",\n                \"width\": \"0\"\n            },\n            \"configOverrides\": {},\n            \"additionalMessages\": {\n                \"global_email_illustrationWhite\": \"#FFFFFF\",\n                \"global_email_illustrationPalette\": \"illustration-white=global_email_illustrationWhite\"\n            },\n            \"data\": {\n                \"premise\": {\n                    \"meterType\": \"COMBINED\",\n                    \"annualNeighborComparison\": {\n                        \"annualPeriod\": {\n                            \"start\": \"2021-08-05\",\n                            \"end\": \"2021-12-20\"\n                        },\n                        \"state\": \"better-than-efficient\"\n                    }\n                }\n            }\n        },\n        {\n            \"name\": \"module-her3-email-main-insight-annual\",\n            \"version\": \"0.0.64\",\n            \"slot\": \"slot-3\",\n            \"size\": {\n                \"height\": \"0\",\n                \"width\": \"0\"\n            },\n            \"configOverrides\": {\n                \"email-annual-main-insight_showSurveyPrompt\": true\n            },\n            \"additionalMessages\": {\n                \"email-annual-main-insight_surveyUrl\": \"http://test.opower.com\",\n                \"global_fuel_unit_electric\": \"kWh\",\n                \"global_fuel_unit_gas\": \"therms\",\n                \"global_fuel_unit_combined\": \"units\",\n                \"global_email_successColor\": \"#709f0b\",\n                \"global_email_successLight\": \"#e2ecce\",\n                \"global_email_warningColor\": \"#da7a56\",\n                \"global_email_youColor\": \"#4a77ba\",\n                \"global_email_illustrationPalette\": \"success-color=global_email_successColor&warning-color=global_email_warningColor\"\n            },\n            \"data\": {\n                \"attribute\": \"neighbor-comparison\",\n                \"premise\": {\n                    \"meterType\": \"COMBINED\",\n                    \"annualNeighborComparison\": {\n                        \"annualPeriod\": {\n                            \"start\": \"2021-08-05\",\n                            \"end\": \"2021-12-20\"\n                        },\n                        \"youUsage\": 2307.3,\n                        \"averageOfAllNeighborsUsage\": 2765.6,\n                        \"efficientNeighborsThresholdUsage\": 2459.8,\n                        \"state\": \"better-than-efficient\"\n                    },\n                    \"homeEnergyAudit\": {\n                        \"uheaToken\": \"token1\"\n                    }\n                },\n                \"utilityCompany\": {\n                    \"neighborLanguage\": \"similar-homes\"\n                }\n            }\n        },\n        {\n            \"name\": \"module-her3-email-annual-secondary-insight\",\n            \"version\": \"21.15.0\",\n            \"slot\": \"slot-4\",\n            \"size\": {\n                \"height\": \"0\",\n                \"width\": \"0\"\n            },\n            \"data\": {\n                \"premise\": {\n                    \"meterType\": \"COMBINED\"\n                },\n                \"annualUsage\": {\n                    \"seasonUsages\": [\n                        {\n                            \"season\": \"WINTER\",\n                            \"usageAmount\": 3456,\n                            \"isDataCompleted\": true\n                        },\n                        {\n                            \"season\": \"SPRING\",\n                            \"usageAmount\": 4567,\n                            \"isDataCompleted\": true\n                        },\n                        {\n                            \"season\": \"SUMMER\",\n                            \"usageAmount\": 1234,\n                            \"isDataCompleted\": true\n                        },\n                        {\n                            \"season\": \"FALL\",\n                            \"usageAmount\": 2345,\n                            \"isDataCompleted\": true\n                        }\n                    ],\n                    \"monthlyUsages\": [\n                        {\n                            \"month\": \"JANUARY\",\n                            \"usageAmount\": 11234,\n                            \"isDataCompleted\": true\n                        },\n                        {\n                            \"month\": \"FEBRUARY\",\n                            \"usageAmount\": 12345,\n                            \"isDataCompleted\": true\n                        },\n                        {\n                            \"month\": \"MARCH\",\n                            \"usageAmount\": 1234,\n                            \"isDataCompleted\": true\n                        },\n                        {\n                            \"month\": \"APRIL\",\n                            \"usageAmount\": 2345,\n                            \"isDataCompleted\": true\n                        },\n                        {\n                            \"month\": \"MAY\",\n                            \"usageAmount\": 3456,\n                            \"isDataCompleted\": true\n                        },\n                        {\n                            \"month\": \"JUNE\",\n                            \"usageAmount\": 4567,\n                            \"isDataCompleted\": true\n                        },\n                        {\n                            \"month\": \"JULY\",\n                            \"usageAmount\": 5678,\n                            \"isDataCompleted\": true\n                        },\n                        {\n                            \"month\": \"AUGUST\",\n                            \"usageAmount\": 6789,\n                            \"isDataCompleted\": true\n                        },\n                        {\n                            \"month\": \"SEPTEMBER\",\n                            \"usageAmount\": 7890,\n                            \"isDataCompleted\": true\n                        },\n                        {\n                            \"month\": \"OCTOBER\",\n                            \"usageAmount\": 8901,\n                            \"isDataCompleted\": true\n                        },\n                        {\n                            \"month\": \"NOVEMBER\",\n                            \"usageAmount\": 9012,\n                            \"isDataCompleted\": true\n                        },\n                        {\n                            \"month\": \"DECEMBER\",\n                            \"usageAmount\": 10123,\n                            \"isDataCompleted\": true\n                        }\n                    ],\n                    \"dayOfWeekUsages\": [\n                        {\n                            \"dayOfWeek\": \"MONDAY\",\n                            \"usageAmount\": 3456\n                        },\n                        {\n                            \"dayOfWeek\": \"TUESDAY\",\n                            \"usageAmount\": 4567\n                        },\n                        {\n                            \"dayOfWeek\": \"WEDNESDAY\",\n                            \"usageAmount\": 5678\n                        },\n                        {\n                            \"dayOfWeek\": \"THURSDAY\",\n                            \"usageAmount\": 6789\n                        },\n                        {\n                            \"dayOfWeek\": \"FRIDAY\",\n                            \"usageAmount\": 7890\n                        },\n                        {\n                            \"dayOfWeek\": \"SATURDAY\",\n                            \"usageAmount\": 8901\n                        },\n                        {\n                            \"dayOfWeek\": \"SUNDAY\",\n                            \"usageAmount\": 9012\n                        }\n                    ]\n                }\n            },\n            \"locale\": \"en-US\",\n            \"configOverrides\": {},\n            \"additionalMessages\": {\n                \"email-annual-main-insight_surveyUrl\": \"http://test.opower.com\",\n                \"global_fuel_unit_electric\": \"kWh\",\n                \"global_fuel_unit_gas\": \"therms\",\n                \"global_fuel_unit_combined\": \"units\",\n                \"global_email_successColor\": \"#709f0b\",\n                \"global_email_successLight\": \"#e2ecce\",\n                \"global_email_warningColor\": \"#da7a56\",\n                \"global_email_youColor\": \"#4a77ba\",\n                \"global_email_illustrationPalette\": \"success-color=global_email_successColor&warning-color=global_email_warningColor\"\n            }\n        },\n        {\n            \"name\": \"module-her3-email-annual-tips\",\n            \"version\": \"1.0.5\",\n            \"slot\": \"slot-5\",\n            \"size\": {\n                \"height\": \"0\",\n                \"width\": \"0\"\n            },\n            \"configOverrides\": {},\n            \"additionalMessages\": {\n                \"global_email_illustrationWhite\": \"#FFF\",\n                \"global_email_illustrationPalette\": \"illustration-white=global_email_illustrationWhite\"\n            },\n            \"data\": {\n                \"premise\": {\n                    \"meterType\": \"COMBINED\"\n                },\n                \"tipData\": {\n                    \"tips\": [\n                        {\n                            \"name\": \"tip013_save_on_washing_dishes\",\n                            \"title\": \"Run full dishwasher loads\",\n                            \"group\": \"APPLIANCES\",\n                            \"subGroup\": \"DISHWASHER\",\n                            \"imageSmall\": \"asset_files/528303/tip013_save_on_washing_dishes.svg\",\n                            \"emailBody\": \"Your dishwasher uses a lot of energy, especially for heating water.To cut down on energy use, run only full loads and let your dishes air dry.\",\n                            \"costCategory\": \"GREAT_INVESTMENT\",\n                            \"savingsAmount\": \"85\",\n                            \"savingsText\": \"Save up to ${this.savingsAmount} per year\"\n                        },\n                        {\n                            \"name\": \"tip014_upgrade_central_ac\",\n                            \"title\": \"Upgrade to an efficient central air conditioner\",\n                            \"group\": \"COOLING\",\n                            \"subGroup\": \"HAC\",\n                            \"imageSmall\": \"asset_files/529176/tip014_upgrade_central_ac.svg\",\n                            \"emailBody\": \"On summer days, air conditioning is often the largest part of your energy bill.\\u00a0 You could save up to 50% on cooling costs by switching to a newer, more efficient air conditioner.\",\n                            \"costCategory\": \"GREAT_INVESTMENT\",\n                            \"savingsAmount\": \"50\",\n                            \"savingsText\": \"Save up to ${this.savingsAmount} per year\"\n                        }\n                    ]\n                },\n                \"disaggregationBasedTipData\": {\n                    \"tips\": [\n                        {\n                            \"name\": \"tip100_use_trade_winds\",\n                            \"title\": \"Take advantage of cross-ventilation\",\n                            \"savingsText\": \"You may be able to keep your AC off all year\",\n                            \"emailBody\": \"Taking advantage of natural cross-ventilation in your home can help reduce your air conditioning bill. Experiment with opening and closing different combinations of windows and doors to create natural cross-ventilation.\",\n                            \"savingsAmount\": 30.0,\n                            \"disaggregationCategory\": \"COOLING\",\n                            \"costCategory\": \"FREE\",\n                            \"imageSmall\": \"asset_files/528993/tip100_use_trade_winds.svg\"\n                        },\n                        {\n                            \"name\": \"tip069_install_efficient_showerheads\",\n                            \"title\": \"Install efficient showerheads\",\n                            \"savingsText\": \"Save up to ${this.savingsAmount} per year\",\n                            \"emailBody\": \"Showering accounts for about 40% of your home's hot water use, but you can cut costs without sacrificing comfort. Energy-efficient showerheads can reduce hot water use without compromising water pressure.\",\n                            \"savingsAmount\": 25.0,\n                            \"disaggregationCategory\": \"WATER_HEATING\",\n                            \"costCategory\": \"FREE\",\n                            \"imageSmall\": \"asset_files/529289/tip069_install_efficient_showerheads.svg\"\n                        },\n                        {\n                            \"name\": \"tip047_use_efficient_lighting\",\n                            \"title\": \"Replace your inefficient light bulbs\",\n                            \"savingsText\": \"Save up to ${this.savingsAmount} over bulb life\",\n                            \"emailBody\": \"Inefficient incandescent bulbs are costly to run and replace in the long term. Use compact fluorescent light (CFL) bulbs ? they use 75% less energy and last at least ten times longer.\",\n                            \"savingsAmount\": 100.0,\n                            \"disaggregationCategory\": \"LIGHTING\",\n                            \"costCategory\": \"FREE\",\n                            \"imageSmall\": \"asset_files/529066/tip047_use_efficient_lighting.svg\"\n                        }\n                    ]\n                }\n            }\n        },\n        {\n            \"name\": \"module-her3-email-dynamic-mini-hea\",\n            \"version\": \"0.0.29\",\n            \"slot\": \"slot-6\",\n            \"size\": {\n                \"height\": \"0\",\n                \"width\": \"0\"\n            },\n            \"configOverrides\": {},\n            \"additionalMessages\": {\n                \"client_astro_url\": \"http://test.opower.com\",\n                \"client_feedback_widget_url\": \"{msg@[client_astro_url]}/ei/x/feedback\"\n            },\n            \"data\": {\n                \"premise\": {\n                    \"homeEnergyAudit\": {\n                        \"isEnabled\": true,\n                        \"uheaToken\": \"00000000-0000-0000-0000-000000000000\",\n                        \"miniHeaNextQuestion\": {\n                            \"name\": \"homeType\",\n                            \"yesValue\": \"SINGLE_FAMILY\",\n                            \"noValue\": \"APARTMENT_CONDO\"\n                        }\n                    }\n                }\n            }\n        },\n        {\n            \"name\": \"module-her3-email-footer\",\n            \"version\": \"0.2.18\",\n            \"slot\": \"footer\",\n            \"size\": {\n                \"height\": \"0\",\n                \"width\": \"0\"\n            },\n            \"configOverrides\": {\n                \"emailFooterPreferencesUrl\": \"http://util-preference.fake\",\n                \"emailFooterAppStoreUrl\": \"http://app-store.fake\",\n                \"emailFooterGooglePlayUrl\": \"http://google-play.fake\",\n                \"emailFooterTwitterUrl\": \"http://twitter.fake\",\n                \"emailFooterFacebookUrl\": \"http://facebook.fake\"\n            },\n            \"additionalMessages\": {\n                \"client_name\": \"UtilityCo\",\n                \"clientAddressLine1\": \"P.O. Box 1234\",\n                \"clientAddressLine2\": \"Austin, TX 12345-6789\",\n                \"clientPhoneNumber\": \"888-999-9999\",\n                \"clientUrl\": \"https://utilityco.com\",\n                \"global_email_primaryContrast\": \"#fff\"\n            },\n            \"data\": {}\n        }\n    ],\n    \"layout\": {\n        \"name\": \"report\",\n        \"requiredMessages\": {\n            \"email_header_utilityCompanyLogo\": \"https://static-content.opower.com/clients/util/logo.png\",\n            \"client_name\": \"Utility Company\"\n        }\n    },\n    \"locale\": \"en-US\"\n}","options":{"raw":{"language":"json"}}},"url":{"raw":"http://localhost:8080/v1/render-compose/email","protocol":"http","host":["localhost"],"port":"8080","path":["v1","render-compose","email"]}},"response":[]}]}