{"info":{"_postman_id":"d585a5de-992c-49ea-aa57-ad19ee313894","name":"(REPORT) her3-email-progress-tou-full-hea","schema":"https://schema.getpostman.com/json/collection/v2.1.0/collection.json"},"item":[{"name":"her3-email-progress-tou-full-hea-DEFAULT","event":[{"listen":"prerequest","script":{"id":"c57c41da-a3c3-4d8c-a45a-fe8f29e6f5a6","exec":["[","  {","    \"compositionPath\": \"/opower/her3-composition\",","    \"channel\": \"email\",","    \"layout\": \"report\",","    \"reportName\": \"welcome-with-ears\",","    \"Modules\": [","      {","        \"slotName\": \"header\",","        \"Name\": \"module-her3-email-header-runner\",","        \"Path\": \"/opower/module-her3-header/module-her3-email-header-runner\",","        \"Fixture\": {","          \"locale\": \"en-US\",","          \"size\": {","            \"width\": 0,","            \"height\": 0","          },","          \"additionalMessages\": {","            \"email_header_utilityCompanyLogo\": \"https://github.va.opower.it/raw/dsm/module-her3-header/master/module-her3-email-header-runner/src/test/resources/UTIL_logo_email.png\",","            \"client_name\": \"Utility Company\"","          },","          \"data\": {","            \"customerPerson\": {","              \"maskedAccountNumber\": \"******7890\"","            }","          }","        }","      },","      {","        \"slotName\": \"info\",","        \"Name\": \"module-her3-email-progress-intro-illustration-runner\",","        \"Path\": \"/opower/module-her3-email-progress-intro-illustration/module-her3-email-progress-intro-illustration-runner\",","        \"Fixture\": {","          \"locale\": \"en-US\",","          \"size\": {","            \"width\": 0,","            \"height\": 0","          },","          \"additionalMessages\": {","            \"global_email_illustrationPalette\": \"primary-color=%230067B1&efficient-color=%2300A94F&neighbor-color=%23666666&success-color=%2399cc33&good-color=%23f9e500&great-color=%2399cc33&fair-color=%23f7941d&summer-color=%23f7941d&winter-color=%2300b7ce&smiley-eyes-color=%23000000&icon-default-color=%23666666&illustration-highlight=%23FF0000&illustration-white=%23FFFFFF&illustration-lightest-gray=%23F1F1F1&illustration-light-gray=%23E1E1E1&illustration-medium-gray=%23C1C1C1&illustration-dark-gray=%23666666&illustration-yellow=%23F9E500\"","          },","          \"data\": {","            \"attribute\": \"neighbor-comparison\",","            \"customerPerson\": {","              \"firstName\": \"Gina\"","            },","            \"previousReportSent\": null","          }","        }","      },","      {","        \"slotName\": \"slot-1\",","        \"Name\": \"module-her3-email-welcome-runner\",","        \"Path\": \"/opower/module-her3-welcome/module-her3-email-welcome-runner\",","        \"Fixture\": {","          \"locale\": \"en-US\",","          \"size\": {","            \"width\": 0,","            \"height\": 0","          },","          \"additionalMessages\": {","            \"global_email_illustrationWhite\": \"#FFFFFF\",","            \"global_email_illustrationPalette\": \"illustration-white=global_email_illustrationWhite\"","          },","          \"data\": {","            \"previousHer2ReportSent\": {","              \"generatedOn\": \"2020-03-05T03:00:00.000+03:00\"","            }","          }","        }","      },","      {","        \"slotName\": \"slot-2\",","        \"Name\": \"module-her3-email-progress-energy-use-benchmark-runner\",","        \"Path\": \"/opower/her3-energy-use-benchmark-module/module-her3-email-progress-energy-use-benchmark-runner\",","        \"Fixture\": {","          \"locale\": \"en-US\",","          \"size\": {","            \"width\": 0,","            \"height\": 0","          },","          \"additionalMessages\": {","            \"global_email_illustrationWhite\": \"#FFFFFF\",","            \"global_email_illustrationPalette\": \"illustration-white=global_email_illustrationWhite\"","          },","          \"data\": {","            \"previousHer2ReportSent\": {","              \"generatedOn\": \"2020-03-05T03:00:00.000+03:00\"","            },","            \"premise\": {","              \"meterType\": \"COMBINED\",","              \"neighborComparisons\": [","                {","                  \"comparisonInterval\": \"2020-03-05T03:00:00.000+03:00/2020-04-04T17:32:40.297+03:00\",","                  \"state\": \"better-than-average\"","                }","              ]","            },","            \"previousReportSent\": {","              \"neighborComparison\": {","                \"state\": \"better-than-average\"","              }","            }","          }","        }","      },","      {","        \"slotName\": \"slot-3\",","        \"Path\": \"/opower/module-her3-efficiency-zone/module-her3-email-efficiency-zone-progress-runner\",","        \"Name\": \"module-her3-email-efficiency-zone-progress-runner\",","        \"Fixture\": {","          \"locale\": \"en-US\",","          \"size\": {","            \"width\": 0,","            \"height\": 0","          },","          \"configOverrides\": {","          },","          \"additionalMessages\": {","            \"global_fuel_unit_electric\": \"kWh\",","            \"global_fuel_unit_gas\": \"therms\",","            \"global_fuel_unit_combined\": \"units\",","            \"global_email_successColor\": \"#709f0b\",","            \"global_email_successMedium\": \"#da7a56\",","            \"global_email_illustrationPalette\": \"success-color=global_email_successColor&success-medium=global_email_successMedium\"","          },","          \"data\": {","            \"previousHer2ReportSent\": {","              \"generatedOn\": \"2020-03-05T03:00:00.000+03:00\"","            },","            \"premise\": {","              \"meterType\": \"GAS\",","              \"neighborComparisons\": [","                {","                  \"youUsage\": 461.8,","                  \"averageOfAllNeighborsUsage\": 765.6,","                  \"efficientNeighborsThresholdUsage\": 459.8,","                  \"state\": \"near-but-worse-than-efficient\"","                }","              ]","            }","          }","        }","      },","      {","        \"slotName\": \"slot-4\",","        \"Path\": \"/opower/module-her3-tips/module-her3-email-tip-progress-runner\",","        \"Name\": \"module-her3-email-tip-progress-runner\",","        \"Fixture\": {","          \"locale\": \"en-US\",","          \"size\": {","            \"width\": 0,","            \"height\": 0","          },","          \"additionalMessages\": {","            \"global_email_illustrationPalette\": \"illustration-white=global_email_illustrationWhite\"","          },","          \"data\": {","            \"previousHer2ReportSent\": {","              \"generatedOn\": \"2020-03-05T03:00:00.000+03:00\"","            },","            \"tipData\": {","              \"tips\": [","                {","                  \"name\": \"tip001_buy-energy-star\",","                  \"title\": \"Upgrade to energy-efficient windows\",","                  \"emailBody\": \"You can prevent air leakage by improving the efficiency of your windows. While it may not be cost effective to replace your windows based on energy savings alone, there are lots of other benefits from new windows, including comfort, security, noise reduction, and aesthetics.\",","                  \"savingsText\": \"Save up to ${this.savingsAmount} per year.\",","                  \"savingsAmount\": 20.0,","                  \"imageSmall\": \"asset_files/529082/tip001_buy_energy_star.svg\"","                },","                {","                  \"name\": \"tip002_buy-energy-star\",","                  \"title\": \"Upgrade to energy-efficient windows\",","                  \"emailBody\": \"You can prevent air leakage by improving the efficiency of your windows. While it may not be cost effective to replace your windows based on energy savings alone, there are lots of other benefits from new windows, including comfort, security, noise reduction, and aesthetics.\",","                  \"savingsText\": \"Save up to ${this.savingsAmount} per year.\",","                  \"savingsAmount\": 21.0,","                  \"imageSmall\": \"asset_files/537191/tip002_choose_efficient_refrigerator_sm.svg\"","                },","                {","                  \"name\": \"tip003_buy-energy-star\",","                  \"title\": \"Upgrade to energy-efficient windows\",","                  \"emailBody\": \"You can prevent air leakage by improving the efficiency of your windows. While it may not be cost effective to replace your windows based on energy savings alone, there are lots of other benefits from new windows, including comfort, security, noise reduction, and aesthetics.\",","                  \"savingsText\": \"Save up to $22 per year.\",","                  \"savingsAmount\": 11.0,","                  \"imageSmall\": \"asset_files/529502/tip003_choose_efficient_clothes_dryer.svg\"","                }","              ]","            }","          }","        }","      }","    ]","  }","]"],"type":"text/javascript"}}],"id":"014545f9-f5c7-4ce0-b82b-ec2550c39344","protocolProfileBehavior":{"disableBodyPruning":true},"request":{"method":"POST","header":[],"body":{"mode":"raw","raw":"{\n    \"modules\": [\n        {\n            \"name\": \"module-her3-email-subject-control\",\n            \"version\": \"0.2.19\",\n            \"slot\": \"subject-preheader\",\n            \"size\": {\n                \"height\": \"0\",\n                \"width\": \"0\"\n            },\n            \"configOverrides\": {},\n            \"additionalMessages\": {},\n            \"data\": {\n                \"customerPerson\": {\n                    \"firstName\": \"Jane\",\n                    \"lastName\": \"Doe\"\n                }\n            }\n        },\n        {\n            \"name\": \"module-her3-email-header\",\n            \"version\": \"1.0.1\",\n            \"slot\": \"header\",\n            \"size\": {\n                \"height\": \"0\",\n                \"width\": \"0\"\n            },\n            \"configOverrides\": {},\n            \"additionalMessages\": {\n                \"email_header_utilityCompanyLogo\": \"{img@[\\\"static.assets.dam\\\"][\\\"asset_files/553894/UTIL_logo_email.png\\\"]}\",\n                \"client_name\": \"Utility Company\"\n            },\n            \"data\": {\n                \"customerPerson\": {\n                    \"maskedAccountNumber\": \"******7890\"\n                }\n            }\n        },\n        {\n            \"name\": \"module-her3-email-progress-intro-illustration\",\n            \"version\": \"0.0.12\",\n            \"slot\": \"intro\",\n            \"size\": {\n                \"height\": \"0\",\n                \"width\": \"0\"\n            },\n            \"configOverrides\": {},\n            \"additionalMessages\": {\n                \"global_email_illustrationPalette\": \"primary-color=%230067B1&efficient-color=%2300A94F&neighbor-color=%23666666&success-color=%2399cc33&good-color=%23f9e500&great-color=%2399cc33&fair-color=%23f7941d&summer-color=%23f7941d&winter-color=%2300b7ce&smiley-eyes-color=%23000000&icon-default-color=%23666666&illustration-highlight=%23FF0000&illustration-white=%23FFFFFF&illustration-lightest-gray=%23F1F1F1&illustration-light-gray=%23E1E1E1&illustration-medium-gray=%23C1C1C1&illustration-dark-gray=%23666666&illustration-yellow=%23F9E500\"\n            },\n            \"data\": {\n                \"attribute\": \"efficiency-zone\",\n                \"customerPerson\": {\n                    \"firstName\": \"Jane\",\n                    \"lastName\": \"Doe\"\n                },\n                \"isNewRecipient\": false,\n                \"isLegacyRecipient\": false\n            }\n        },\n        {\n            \"name\": \"module-her3-email-progress-energy-use-benchmark\",\n            \"version\": \"0.1.10\",\n            \"slot\": \"slot-1\",\n            \"size\": {\n                \"height\": \"0\",\n                \"width\": \"0\"\n            },\n            \"configOverrides\": {},\n            \"additionalMessages\": {\n                \"global_email_illustrationWhite\": \"#FFFFFF\",\n                \"global_email_illustrationPalette\": \"illustration-white=global_email_illustrationWhite\"\n            },\n            \"data\": {\n                \"previousReportSent\": {\n                    \"neighborComparison\": {\n                        \"state\": \"better-than-average\"\n                    }\n                },\n                \"isNewRecipient\": false,\n                \"isLegacyRecipient\": false,\n                \"premise\": {\n                    \"meterType\": \"COMBINED\",\n                    \"neighborComparisons\": [\n                        {\n                            \"comparisonInterval\": \"2020-03-05T03:00:00.000+03:00/2020-04-04T17:32:40.297+03:00\",\n                            \"state\": \"better-than-average\"\n                        }\n                    ]\n                }\n            }\n        },\n        {\n            \"name\": \"module-her3-email-main-insight-progress\",\n            \"version\": \"0.0.64\",\n            \"slot\": \"slot-2\",\n            \"size\": {\n                \"height\": \"0\",\n                \"width\": \"0\"\n            },\n            \"configOverrides\": {\n                \"showSurveyPrompt\": true\n            },\n            \"additionalMessages\": {\n                \"global_fuel_unit_electric\": \"kWh\",\n                \"global_fuel_unit_gas\": \"therms\",\n                \"global_fuel_unit_combined\": \"units\",\n                \"global_email_successColor\": \"#709f0b\",\n                \"global_email_successLight\": \"#e2ecce\",\n                \"global_email_warningColor\": \"#da7a56\",\n                \"global_email_youColor\": \"#4a77ba\",\n                \"global_email_illustrationPalette\": \"success-color=global_email_successColor&warning-color=global_email_warningColor\",\n                \"email-progress-main-insight_surveyUrl\": \"https://nhl.com\"\n            },\n            \"data\": {\n                \"attribute\": \"efficiency-zone\",\n                \"isNewRecipient\": false,\n                \"isLegacyRecipient\": false,\n                \"premise\": {\n                    \"meterType\": \"COMBINED\",\n                    \"neighborComparisons\": [\n                        {\n                            \"comparisonInterval\": \"2020-03-05T03:00:00.000+03:00/2020-04-04T17:32:40.297+03:00\",\n                            \"youUsage\": 632.0,\n                            \"averageOfAllNeighborsUsage\": 772.3,\n                            \"efficientNeighborsThresholdUsage\": 499.8,\n                            \"state\": \"better-than-average\"\n                        }\n                    ],\n                    \"homeEnergyAudit\": {\n                        \"uheaToken\": \"token1\"\n                    }\n                }\n            }\n        },\n        {\n            \"name\": \"module-her3-email-tou-101\",\n            \"version\": \"0.0.64\",\n            \"slot\": \"slot-3\",\n            \"size\": {\n                \"height\": \"0\",\n                \"width\": \"0\"\n            },\n            \"configOverrides\": {\n                \"showSurveyPrompt\": true\n            },\n            \"additionalMessages\": {\n                \"global_email_successColor\": \"#709f0b\",\n                \"global_email_successMedium\": \"#da7a56\",\n                \"global_email_successLight\": \"#e2ecce\",\n                \"global_email_illustrationPalette\": \"success-color=global_email_successColor&success-medium=global_email_successMedium\",\n                \"global_email_mediumGray\": \"#a5a5a5\",\n                \"global_email_youColor\": \"#4a77ba\",\n                \"global_email_youMedium\": \"#b7c9e3\",\n                \"global_email_warningColor\": \"#da7a56\"\n            },\n            \"data\": {\n                \"isLegacyRecipient\": false,\n                \"isNewRecipient\": true,\n                \"accounts\": [\n                    {\n                        \"touSeasonalSchedule\": {\n                            \"meterType\": \"ELEC\",\n                            \"season\": {\n                                \"seasonType\": \"WINTER\",\n                                \"startDate\": \"2021-01-04\",\n                                \"endDate\": \"2021-01-10\"\n                            },\n                            \"peakRates\": [\n                                {\n                                    \"peakType\": \"ON_PEAK\",\n                                    \"cost\": 0.15\n                                },\n                                {\n                                    \"peakType\": \"OFF_PEAK\",\n                                    \"cost\": 0.11\n                                },\n                                {\n                                    \"peakType\": \"PART_PEAK\",\n                                    \"cost\": 0.12\n                                }\n                            ],\n                            \"dayTypeSchedule\": {\n                                \"weekday\": [\n                                    {\n                                        \"peakType\": \"ON_PEAK\",\n                                        \"startTime\": \"00:00:00\",\n                                        \"endTime\": \"07:00:00\"\n                                    },\n                                    {\n                                        \"peakType\": \"OFF_PEAK\",\n                                        \"startTime\": \"07:00:00\",\n                                        \"endTime\": \"11:00:00\"\n                                    },\n                                    {\n                                        \"peakType\": \"ON_PEAK\",\n                                        \"startTime\": \"11:00:00\",\n                                        \"endTime\": \"12:00:00\"\n                                    },\n                                    {\n                                        \"peakType\": \"OFF_PEAK\",\n                                        \"startTime\": \"12:00:00\",\n                                        \"endTime\": \"14:00:00\"\n                                    },\n                                    {\n                                        \"peakType\": \"ON_PEAK\",\n                                        \"startTime\": \"14:00:00\",\n                                        \"endTime\": \"00:00:00\"\n                                    }\n                                ],\n                                \"weekend\": [\n                                    {\n                                        \"peakType\": \"OFF_PEAK\",\n                                        \"startTime\": \"00:00:00\",\n                                        \"endTime\": \"00:00:00\"\n                                    }\n                                ],\n                                \"holiday\": [\n                                    {\n                                        \"peakType\": \"OFF_PEAK\",\n                                        \"startTime\": \"00:00:00\",\n                                        \"endTime\": \"00:00:00\"\n                                    }\n                                ]\n                            },\n                            \"sharedPeakSchedules\": [\n                                \"WEEKEND\",\n                                \"HOLIDAY\"\n                            ]\n                        }\n                    }\n                ]\n            }\n        },\n        {\n            \"name\": \"module-her3-email-marketing-message-flexible\",\n            \"version\": \"0.0.12\",\n            \"slot\": \"slot-4\",\n            \"size\": {\n                \"height\": \"0\",\n                \"width\": \"0\"\n            },\n            \"configOverrides\": {},\n            \"additionalMessages\": {\n                \"marketing_flexible_body_message\": \"Lorem ipsum dolor sit amet, consectetur adipiscing elit, sed do eiusmod tempor incididunt ut labore et dolore magna aliqua. Ut enim ad minim veniam, quis nostrud exercitation ullamco laboris nisi ut aliquip ex ea commodo consequat.\"\n            },\n            \"data\": {}\n        },\n        {\n            \"name\": \"module-her3-email-full-hea\",\n            \"version\": \"0.0.29\",\n            \"slot\": \"slot-5\",\n            \"size\": {\n                \"height\": \"0\",\n                \"width\": \"0\"\n            },\n            \"configOverrides\": {},\n            \"additionalMessages\": {\n                \"client_astro_url\": \"https://test.opower.com\",\n                \"client_hea_widget_url\": \"{msg@[client_astro_url]}/ei/x/home-energy-analysis\"\n            },\n            \"data\": {\n                \"premise\": {\n                    \"homeEnergyAudit\": {\n                        \"isEnabled\": true,\n                        \"uheaToken\": \"00000000-0000-0000-0000-000000000000\",\n                        \"fullHeaNextQuestion\": {\n                            \"name\": \"homeType\"\n                        }\n                    }\n                }\n            }\n        },\n        {\n            \"name\": \"module-her3-email-footer\",\n            \"version\": \"0.2.18\",\n            \"slot\": \"footer\",\n            \"size\": {\n                \"height\": \"0\",\n                \"width\": \"0\"\n            },\n            \"configOverrides\": {\n                \"emailFooterPreferencesUrl\": \"http://util-preference.fake\",\n                \"emailFooterAppStoreUrl\": \"http://app-store.fake\",\n                \"emailFooterGooglePlayUrl\": \"http://google-play.fake\",\n                \"emailFooterTwitterUrl\": \"http://twitter.fake\",\n                \"emailFooterFacebookUrl\": \"http://facebook.fake\"\n            },\n            \"additionalMessages\": {\n                \"client_name\": \"UtilityCo\",\n                \"clientAddressLine1\": \"P.O. Box 1234\",\n                \"clientAddressLine2\": \"Austin, TX 12345-6789\",\n                \"clientPhoneNumber\": \"888-999-9999\",\n                \"clientUrl\": \"https://utilityco.com\",\n                \"global_email_primaryContrast\": \"#fff\"\n            },\n            \"data\": {}\n        }\n    ],\n    \"layout\": {\n        \"name\": \"report\",\n        \"requiredMessages\": {\n            \"email_header_utilityCompanyLogo\": \"https://static-content.opower.com/clients/util/logo.png\",\n            \"client_name\": \"Utility Company\"\n        }\n    },\n    \"locale\": \"en-US\"\n}","options":{"raw":{"language":"json"}}},"url":{"raw":"http://localhost:8080/v1/render-compose/email","protocol":"http","host":["localhost"],"port":"8080","path":["v1","render-compose","email"]}},"response":[]}]}