{"info":{"_postman_id":"e2210b2c-f3d2-467f-acb1-42a52abc46cd","name":"her3-email-tips","schema":"https://schema.getpostman.com/json/collection/v2.1.0/collection.json"},"item":[{"name":"appliances-cold-weather","event":[{"listen":"prerequest","script":{"id":"7a40c585-a5a6-4951-a33c-5c1f6e5291b0","exec":["[","  {","    \"compositionPath\": \"/opower/her3-composition\",","    \"channel\": \"email\",","    \"layout\": \"report\",","    \"reportName\": \"welcome-with-ears\",","    \"Modules\": [","      {","        \"slotName\": \"header\",","        \"Name\": \"module-her3-email-header-runner\",","        \"Path\": \"/opower/module-her3-header/module-her3-email-header-runner\",","        \"Fixture\": {","          \"locale\": \"en-US\",","          \"size\": {","            \"width\": 0,","            \"height\": 0","          },","          \"additionalMessages\": {","            \"email_header_utilityCompanyLogo\": \"https://github.va.opower.it/raw/dsm/module-her3-header/master/module-her3-email-header-runner/src/test/resources/UTIL_logo_email.png\",","            \"client_name\": \"Utility Company\"","          },","          \"data\": {","            \"customerPerson\": {","              \"maskedAccountNumber\": \"******7890\"","            }","          }","        }","      },","      {","        \"slotName\": \"info\",","        \"Name\": \"module-her3-email-progress-intro-illustration-runner\",","        \"Path\": \"/opower/module-her3-email-progress-intro-illustration/module-her3-email-progress-intro-illustration-runner\",","        \"Fixture\": {","          \"locale\": \"en-US\",","          \"size\": {","            \"width\": 0,","            \"height\": 0","          },","          \"additionalMessages\": {","            \"global_email_illustrationPalette\": \"primary-color=%230067B1&efficient-color=%2300A94F&neighbor-color=%23666666&success-color=%2399cc33&good-color=%23f9e500&great-color=%2399cc33&fair-color=%23f7941d&summer-color=%23f7941d&winter-color=%2300b7ce&smiley-eyes-color=%23000000&icon-default-color=%23666666&illustration-highlight=%23FF0000&illustration-white=%23FFFFFF&illustration-lightest-gray=%23F1F1F1&illustration-light-gray=%23E1E1E1&illustration-medium-gray=%23C1C1C1&illustration-dark-gray=%23666666&illustration-yellow=%23F9E500\"","          },","          \"data\": {","            \"attribute\": \"neighbor-comparison\",","            \"customerPerson\": {","              \"firstName\": \"Gina\"","            },","            \"previousReportSent\": null","          }","        }","      },","      {","        \"slotName\": \"slot-1\",","        \"Name\": \"module-her3-email-welcome-runner\",","        \"Path\": \"/opower/module-her3-welcome/module-her3-email-welcome-runner\",","        \"Fixture\": {","          \"locale\": \"en-US\",","          \"size\": {","            \"width\": 0,","            \"height\": 0","          },","          \"additionalMessages\": {","            \"global_email_illustrationWhite\": \"#FFFFFF\",","            \"global_email_illustrationPalette\": \"illustration-white=global_email_illustrationWhite\"","          },","          \"data\": {","            \"previousHer2ReportSent\": {","              \"generatedOn\": \"2020-03-05T03:00:00.000+03:00\"","            }","          }","        }","      },","      {","        \"slotName\": \"slot-2\",","        \"Name\": \"module-her3-email-progress-energy-use-benchmark-runner\",","        \"Path\": \"/opower/her3-energy-use-benchmark-module/module-her3-email-progress-energy-use-benchmark-runner\",","        \"Fixture\": {","          \"locale\": \"en-US\",","          \"size\": {","            \"width\": 0,","            \"height\": 0","          },","          \"additionalMessages\": {","            \"global_email_illustrationWhite\": \"#FFFFFF\",","            \"global_email_illustrationPalette\": \"illustration-white=global_email_illustrationWhite\"","          },","          \"data\": {","            \"previousHer2ReportSent\": {","              \"generatedOn\": \"2020-03-05T03:00:00.000+03:00\"","            },","            \"premise\": {","              \"meterType\": \"COMBINED\",","              \"neighborComparisons\": [","                {","                  \"comparisonInterval\": \"2020-03-05T03:00:00.000+03:00/2020-04-04T17:32:40.297+03:00\",","                  \"state\": \"better-than-average\"","                }","              ]","            },","            \"previousReportSent\": {","              \"neighborComparison\": {","                \"state\": \"better-than-average\"","              }","            }","          }","        }","      },","      {","        \"slotName\": \"slot-3\",","        \"Path\": \"/opower/module-her3-efficiency-zone/module-her3-email-efficiency-zone-progress-runner\",","        \"Name\": \"module-her3-email-efficiency-zone-progress-runner\",","        \"Fixture\": {","          \"locale\": \"en-US\",","          \"size\": {","            \"width\": 0,","            \"height\": 0","          },","          \"configOverrides\": {","          },","          \"additionalMessages\": {","            \"global_fuel_unit_electric\": \"kWh\",","            \"global_fuel_unit_gas\": \"therms\",","            \"global_fuel_unit_combined\": \"units\",","            \"global_email_successColor\": \"#709f0b\",","            \"global_email_successMedium\": \"#da7a56\",","            \"global_email_illustrationPalette\": \"success-color=global_email_successColor&success-medium=global_email_successMedium\"","          },","          \"data\": {","            \"previousHer2ReportSent\": {","              \"generatedOn\": \"2020-03-05T03:00:00.000+03:00\"","            },","            \"premise\": {","              \"meterType\": \"GAS\",","              \"neighborComparisons\": [","                {","                  \"youUsage\": 461.8,","                  \"averageOfAllNeighborsUsage\": 765.6,","                  \"efficientNeighborsThresholdUsage\": 459.8,","                  \"state\": \"near-but-worse-than-efficient\"","                }","              ]","            }","          }","        }","      },","      {","        \"slotName\": \"slot-4\",","        \"Path\": \"/opower/module-her3-tips/module-her3-email-tip-progress-runner\",","        \"Name\": \"module-her3-email-tip-progress-runner\",","        \"Fixture\": {","          \"locale\": \"en-US\",","          \"size\": {","            \"width\": 0,","            \"height\": 0","          },","          \"additionalMessages\": {","            \"global_email_illustrationPalette\": \"illustration-white=global_email_illustrationWhite\"","          },","          \"data\": {","            \"previousHer2ReportSent\": {","              \"generatedOn\": \"2020-03-05T03:00:00.000+03:00\"","            },","            \"tipData\": {","              \"tips\": [","                {","                  \"name\": \"tip001_buy-energy-star\",","                  \"title\": \"Upgrade to energy-efficient windows\",","                  \"emailBody\": \"You can prevent air leakage by improving the efficiency of your windows. While it may not be cost effective to replace your windows based on energy savings alone, there are lots of other benefits from new windows, including comfort, security, noise reduction, and aesthetics.\",","                  \"savingsText\": \"Save up to ${this.savingsAmount} per year.\",","                  \"savingsAmount\": 20.0,","                  \"imageSmall\": \"asset_files/529082/tip001_buy_energy_star.svg\"","                },","                {","                  \"name\": \"tip002_buy-energy-star\",","                  \"title\": \"Upgrade to energy-efficient windows\",","                  \"emailBody\": \"You can prevent air leakage by improving the efficiency of your windows. While it may not be cost effective to replace your windows based on energy savings alone, there are lots of other benefits from new windows, including comfort, security, noise reduction, and aesthetics.\",","                  \"savingsText\": \"Save up to ${this.savingsAmount} per year.\",","                  \"savingsAmount\": 21.0,","                  \"imageSmall\": \"asset_files/537191/tip002_choose_efficient_refrigerator_sm.svg\"","                },","                {","                  \"name\": \"tip003_buy-energy-star\",","                  \"title\": \"Upgrade to energy-efficient windows\",","                  \"emailBody\": \"You can prevent air leakage by improving the efficiency of your windows. While it may not be cost effective to replace your windows based on energy savings alone, there are lots of other benefits from new windows, including comfort, security, noise reduction, and aesthetics.\",","                  \"savingsText\": \"Save up to $22 per year.\",","                  \"savingsAmount\": 11.0,","                  \"imageSmall\": \"asset_files/529502/tip003_choose_efficient_clothes_dryer.svg\"","                }","              ]","            }","          }","        }","      }","    ]","  }","]"],"type":"text/javascript"}}],"id":"ad28c0d3-4f38-4b53-b0a7-ef327d9be888","protocolProfileBehavior":{"disableBodyPruning":true},"request":{"method":"POST","header":[],"body":{"mode":"raw","raw":"{\n    \"modules\": [\n       {\n            \"name\": \"module-her3-email-tou-progress-action\",\n            \"version\": \"0.1.10\",\n            \"slot\": \"slot-1\",\n            \"size\": {\n                \"height\": \"0\",\n                \"width\": \"0\"\n            },\n            \"configOverrides\": {\n                \"appliancesViewProbability\": \"100\",\n                \"twoTipsViewProbability\": \"0\",\n                \"disaggregationTipsViewProbability\": \"0\"\n            },\n            \"additionalMessages\": {\n                \"global_email_illustrationPalette\": \"primary-color=%230067B1&efficient-color=%2300A94F&neighbor-color=%23666666&success-color=%2399cc33&good-color=%23f9e500&great-color=%2399cc33&fair-color=%23f7941d&summer-color=%23f7941d&winter-color=%2300b7ce&smiley-eyes-color=%23000000&icon-default-color=%23666666&illustration-highlight=%23FF0000&illustration-white=%23FFFFFF&illustration-lightest-gray=%23F1F1F1&illustration-light-gray=%23E1E1E1&illustration-medium-gray=%23C1C1C1&illustration-dark-gray=%23666666&illustration-yellow=%23F9E500\"\n            },\n            \"data\": {\n                \"premise\": {\n                    \"seasonalNeighborComparison\": {\n                        \"season\": \"FALL\"\n                    }\n                },\n                \"targeting\": {\n                    \"periodSequentialNumber\": 1\n                },\n                \"tipData\": {\n                    \"tips\": [\n                        {\n                            \"name\": \"tip013_save_on_washing_dishes\",\n                            \"title\": \"Run full dishwasher loads\",\n                            \"imageSmall\": \"asset_files/528303/tip013_save_on_washing_dishes.svg\",\n                            \"emailBody\": \"Your dishwasher uses a lot of energy, especially for heating water. To cut down on energy use, run only full loads and let your dishes air dry.\",\n                            \"costCategory\": \"FREE\",\n                            \"savingsAmount\": 85,\n                            \"savingsText\": \"Save up to ${this.savingsAmount} per year\",\n                            \"disaggregationCategory\": null\n                        },\n                        {\n                            \"name\": \"tip317_use_power_strips_tou\",\n                            \"title\": \"Use a power strip and turn it off during peak hours\",\n                            \"imageSmall\": \"asset_files/535376/tip317_use_power_strips_tou_sm.svg\",\n                            \"emailBody\": \"Many devices draw power even when turned off. Use a power strip to turn off several electronics at once, including your TV, game console, and computer. Smart power strips can make it even easier to switch them all off.\",\n                            \"costCategory\": \"SMART_PURCHASE\",\n                            \"savingsAmount\": 110,\n                            \"savingsText\": \"Save up to ${this.savingsAmount} per year\",\n                            \"disaggregationCategory\": null\n                        }\n                    ]\n                },\n                \"peakBasedTipData\": {\n                    \"tips\": [\n                        {\n                            \"name\": \"tip157_set_thermostat_wisely_peak\",\n                            \"title\": \"Raise your thermostat temperature to 78°F\",\n                            \"savingsAmount\": 110,\n                            \"savingsText\": \"Save up to ${this.savingsAmount} per year\",\n                            \"emailBody\": \"<p>If you have AC, decreasing its use during Energy Savings Days is the most effective way you can save. Customers who raise the temperature by 3-4°F stay comfortable and earn bill credits.</p>\",\n                            \"imageSmall\": \"asset_files/528370/tip157_set_thermostat_wisely_peak.svg\",\n                            \"costCategory\": \"FREE\"\n                        }\n                    ]\n                },\n                \"disaggregationBasedTipData\": {\n                    \"tips\": [\n                        {\n                            \"name\": \"tip017_install_ceiling_fan\",\n                            \"title\": \"Use a ceiling fan and raise the thermostat setting 4°F\",\n                            \"imageSmall\": \"asset_files/529484/tip017_install_ceiling_fan.svg\",\n                            \"emailBody\": \"ENERGY STAR<sup>®</sup> certified ceiling fans allow you to set your thermostat 4°F higher without sacrificing comfort. Adding fans to your home can keep you cool while reducing AC costs.\",\n                            \"savingsAmount\": 85,\n                            \"savingsText\": \"Save up to ${this.savingsAmount} per year\",\n                            \"disaggregationCategory\": \"COOLING\"\n                        },\n                        {\n                            \"name\": \"tip094_choose_an_efficient_space_heater\",\n                            \"title\": \"Use a space heater and turn down the thermostat\",\n                            \"emailBody\": \"<p>A space heater or portable heater can be an efficient form of heat if you use it to warm a small area and reduce the temperature in the rest of your home.</p> <p>Turn down your home's thermostat and close the doors to the room where you're using the space heater to seal in the heat.</p> <p>Be certain the model you choose has the Underwriters Laboratories<sup>®</sup> (UL) label and will shut off if tipped.</p>\",\n                            \"imageSmall\": \"asset_files/528485/tip094_choose_an_efficient_space_heater.svg\",\n                            \"savingsAmount\": 1200,\n                            \"savingsText\": \"Save up to ${this.savingsAmount} per year\",\n                            \"disaggregationCategory\": \"HEATING\"\n                        }\n                    ]\n                }\n            }\n        }\n    ],\n    \"layout\": {\n        \"name\": \"report\",\n        \"requiredMessages\": {\n            \"email_header_utilityCompanyLogo\": \"https://static-content.opower.com/clients/util/logo.png\",\n            \"client_name\": \"Utility Company\"\n        }\n    },\n    \"locale\": \"en-US\"\n}","options":{"raw":{"language":"json"}}},"url":{"raw":"http://localhost:8080/v1/render-compose/email","protocol":"http","host":["localhost"],"port":"8080","path":["v1","render-compose","email"]}},"response":[]}]}